na,desig,ra_hms,dec_dms,ra,dec,redshift,total_flux_mjy,total_flux_err_mjy,M1450_16,M1450_50,M1450_84,M2500_16,M2500_50,M2500_84,M4400_16,M4400_50,M4400_84
PSO,J000.3401+26.8358,00:01:21.63,+26:50:09.17,0.34011348,26.83588138,5.75,,,-27.08,-27.07,-27.06,-27.59,-27.48,-27.25,-27.64,-27.59,-27.53
SDSS,J0002+2550,00:02:39.39,+25:50:34.80,0.66411726,25.84304425,5.82,1.17,0.14,-27.29,-27.28,-27.27,-27.52,-27.2,-27.05,-27.65,-27.58,-27.32
SDSS,J0005-0006,00:05:52.34,-00:06:55.80,1.4680833,-0.1154999,5.85,,,-25.92,-25.9,-25.86,-25.97,-25.73,-25.52,-26.31,-26.13,-25.97
PSO,J002.1073-06.4345,00:08:25.77,-06:26:04.60,2.10739,-6.43456,5.93,,,-26.22,-26.19,-26.17,-26.75,-26.65,-26.41,-27.1,-27.04,-26.78
SDWISE,J0008+3616,00:08:51.43,+36:16:13.49,2.2142917,36.2704138,5.17,,,-26.98,-26.95,-26.93,-27.38,-27.33,-27.28,-27.56,-27.5,-27.45
PSO,J002.3786+32.8702,00:09:30.89,+32:52:12.94,2.37870183,32.87026179,6.1,,,-24.9,-24.77,-24.68,-25.8,-25.41,-24.3,-25.68,-25.53,-25.36
SDSS,J0012+3632,00:12:32.88,+36:32:16.10,3.1369990000000003,36.5378055,5.44,1.23,0.21,-27.3,-27.28,-27.27,-27.83,-27.74,-27.59,-27.7,-27.68,-27.65
SDSS,J0017-1000,00:17:14.68,-10:00:55.4,4.3111666,-10.01539722,5.011,,,-26.83,-26.75,-26.66,-27.44,-27.39,-27.32,-27.7,-27.66,-27.49
PSO,J004.3936+17.0862,00:17:34.47,+17:05:10.70,4.39361347,17.08630447,5.8,,,-26.03,-26.0,-25.97,-25.87,-25.76,-25.63,-25.88,-25.67,-25.47
PSO,J004.8140-24.2991,00:19:15.38,-24:17:56.98,4.814080000000001,-24.29916,5.68,,,-27.18,-27.14,-27.06,-27.7,-27.63,-27.55,-27.44,-27.29,-27.13
VDES,J0020-3653,00:20:31.46,-36:53:41.8,5.1311237,-36.8949476,6.834,,,-25.26,-25.13,-25.05,-26.97,-26.92,-26.86,-27.25,-27.21,-27.18
SDSS,J0023-0018,00:23:30.67,-00:18:36.4,5.8777916,-0.3101111,5.06,,,-25.9,-25.88,-25.82,-26.02,-25.88,-25.78,-26.55,-26.46,-26.28
PSO,J006.1240+39.2219,00:24:29.77,+39:13:18.95,6.12404166,39.22193055,6.617999999999999,,,-25.46,-25.34,-25.18,-25.82,-25.53,-25.17,-26.84,-26.76,-26.68
SDWISE,J0025-0145,00:25:26.84,-01:45:32.51,6.3618333,-1.7590306,5.07,,,-28.44,-28.43,-28.43,-28.63,-28.5,-28.42,-28.87,-28.85,-28.66
PSO,J007.0273+04.9571,00:28:06.56,+04:57:25.70,7.02733292,4.95712319,6.001,,,-26.45,-26.4,-26.37,-26.67,-26.51,-26.32,-26.53,-26.38,-26.23
SDWISE,J0031+0710,00:31:25.86,+07:10:36.92,7.85774999,7.176922200000001,5.33,,,-26.44,-26.35,-26.25,-26.68,-26.28,-26.07,-27.07,-27.01,-26.89
CFHQS,J0033-0125,00:33:11.40,-01:25:24.90,8.2975,-1.4235833,6.13,,,-25.25,-24.98,-24.59,-25.83,-25.6,-25.19,-25.58,-25.34,-25.09
SDSS,J0034+3759,00:34:14.35,+37:59:54.00,8.559792,37.9983333,5.63,,,-26.72,-26.66,-26.55,-27.24,-27.07,-26.78,-27.32,-27.17,-27.02
PSO,J009.3573-08.1190,00:37:25.76,-08:07:08.46,9.35732902,-8.11901741,5.72,,,-26.44,-26.39,-26.35,-27.0,-26.91,-26.83,-26.87,-26.8,-26.69
DELS,J0038-1527,00:38:36.10,-15:27:23.6,9.650416,-15.456555499999999,7.021,,,-28.44,-28.35,-28.11,-27.57,-27.47,-27.41,-27.39,-27.35,-27.31
PSO,J009.7355-10.4316,00:38:56.52,-10:25:53.90,9.73550794,-10.4316386,6.004,,,-26.42,-26.3,-26.24,-27.0,-26.92,-26.73,-27.39,-27.13,-26.77
PSO,J011.3899+09.0325,00:45:33.57,+09:01:56.96,11.38986666,9.03248889,6.42,,,-26.04,-26.0,-25.95,-26.41,-26.08,-25.93,-25.96,-25.84,-25.73
PSO,J0046-2837,00:46:23.66,-28:37:47.44,11.598591699999998,-28.629844399999996,5.99,,,-25.4,-25.35,-25.31,-26.28,-26.03,-25.87,-26.89,-26.67,-26.37
CFHQS,J0050+3445,00:50:06.67,+34:45:22.60,12.52777099,34.75601483,6.252999999999999,,,-26.65,-26.58,-26.5,-27.31,-27.16,-26.77,-27.45,-27.39,-27.1
PS1,J0052+4556,00:52:43.45,+45:56:32.03,13.181041699999998,45.9422306,5.31,,,-27.23,-27.1,-26.9,-27.45,-27.3,-27.1,-27.38,-27.33,-27.21
SDSS,J0054-0109,00:54:21.42,-01:09:21.6,13.5892499,-1.156,5.09,,,-26.79,-26.78,-26.77,-27.04,-26.96,-26.84,-26.86,-26.75,-26.64
CFHQS,J0055+0146,00:55:02.91,+01:46:18.30,13.762125,1.77175,6.006,,,-24.59,-24.53,-24.47,-25.05,-24.53,-23.27,-24.96,-24.65,-24.23
SDSS,J0056+2241,00:56:56.04,+22:41:12.16,14.233498999999998,22.6867111,5.49,,,-26.55,-26.52,-26.49,-26.83,-26.58,-26.36,-26.93,-26.87,-26.72
SDSS,J0100+2802,01:00:13.03,+28:02:25.84,15.05426347,28.04053195,6.3258,0.88,0.13,-29.11,-29.09,-29.03,-29.5,-29.48,-29.47,-29.63,-29.6,-29.23
CFHQS,J0102-0218,01:02:50.64,-02:18:09.90,15.710999,-2.3027499,5.95,,,-24.73,-24.59,-24.2,-25.62,-25.27,-24.77,-24.79,-24.46,-24.01
SUVAW,J0108+0711,01:08:06.60,+07:11:20.6,17.0274999,7.18905555,5.53,,,-27.17,-27.16,-27.15,-26.66,-26.56,-26.47,-27.46,-27.37,-27.2
SDSS,J0108-0100,01:08:29.96,-01:00:15.6,17.124833300000002,-1.0043333,5.11,,,-24.78,-24.3,-24.26,-25.09,-24.87,-24.7,-25.44,-25.28,-25.08
VIK,J0109-3047,01:09:53.13,-30:47:26.30,17.471379000000002,-30.790642,6.7909,,,-24.45,-24.29,-24.2,-25.96,-25.86,-25.73,-26.05,-25.93,-25.8
SUVAW,J0113+0559,01:13:53.75,+05:59:51.1,18.4739583,5.99752777,5.0,,,-25.82,-25.71,-25.69,-26.76,-26.59,-26.33,-26.87,-26.78,-26.61
SDSS,J0114+3238,01:14:55.11,+32:38:16.33,18.729625,32.63786939999999,5.22,,,-26.47,-26.44,-26.3,-26.93,-26.73,-26.43,-26.88,-26.81,-26.67
SDSS,J0115+0015,01:15:44.78,+00:15:14.9,18.936583300000002,0.2541388,5.1,,,-25.63,-25.61,-25.58,-26.22,-26.08,-25.99,-26.37,-26.26,-26.16
SDWISE,J0115-0253,01:15:46.27,-02:53:12.24,18.94279165,-2.8867333,5.07,,,-26.61,-26.59,-26.56,-27.1,-27.02,-26.98,-27.26,-27.1,-27.05
SDWISE,J0116+0538,01:16:14.30,+05:38:17.70,19.0595833,5.6382499,5.33,,,-27.17,-27.15,-27.14,-27.87,-27.78,-27.68,-27.45,-27.39,-27.2
SDSS,J0120+2147,01:20:53.93,+21:47:06.20,20.224708,21.7850555,5.42,,,-26.59,-26.54,-26.47,-26.54,-26.34,-26.16,-26.83,-26.77,-26.64
PSO,J021.4213-25.8822,01:25:41.12,-25:52:56.24,21.42133775,-25.88228802,5.79,,,-26.94,-26.88,-26.85,-27.66,-27.37,-27.29,-27.26,-27.22,-27.18
SDSS,J0129-0028,01:29:07.44,-00:28:45.5,22.281,-0.47930550000000005,5.01,,,-24.82,-24.79,-24.76,-24.78,-24.66,-24.5,-25.49,-25.32,-25.14
SDSS,J0129-0035,01:29:58.51,-00:35:39.70,22.493791,-0.5943611,5.7787,,,-24.6,-24.54,-24.47,-25.11,-24.86,-24.58,-23.46,-22.51,-21.51
SDWISE,J0131-0321,01:31:27.34,-03:21:00.19,22.863916600000003,-3.3500527,5.18,,,-28.43,-28.43,-28.43,-29.03,-28.99,-28.98,-29.1,-29.1,-29.09
PSO,J023.0071-02.2675,01:32:01.70,-02:16:03.11,23.0071,-2.26753,5.9,,,-26.2,-26.15,-26.03,-26.74,-26.52,-26.19,-27.0,-26.94,-26.88
SDSS,J0133+0106,01:33:26.84,+01:06:37.7,23.3618333,1.11047222,5.3,,,-25.92,-25.91,-25.89,-25.87,-25.8,-25.69,-26.79,-26.72,-26.62
CFHQS,J0136+0226,01:36:03.17,+02:26:05.70,24.013208,2.4349166,6.21,,,,,,,,,,,
PSO,J025.2376-11.6831,01:40:57.03,-11:40:59.48,25.23764,-11.68319,5.85,,,-26.82,-26.78,-26.74,-26.83,-26.8,-26.77,-27.12,-26.98,-26.74
ATLAS,J025.6821-33.4627,01:42:43.70,-33:27:45.72,25.682197199999997,-33.46263,6.337999999999999,,,-27.2,-27.19,-27.18,-27.61,-27.59,-27.58,-27.97,-27.89,-27.53
VDES,J0143-5545,01:43:10.24,-55:45:10.68,25.79266666,-55.75296666,6.25,,,-25.75,-25.71,-25.67,-26.82,-26.5,-26.43,-26.99,-26.92,-26.82
ULAS,J0148+0600,01:48:37.64,+06:00:20.00,27.15681283,6.00557339,5.98,,,-27.2,-27.19,-27.17,-27.86,-27.81,-27.78,-27.69,-27.44,-27.2
OGLE,J015531-752807,01:55:31.01,-75:28:07.0,28.8792083,-75.46861109999999,5.09,,,-26.13,-25.94,-25.72,-26.57,-26.3,-26.07,-26.61,-26.55,-26.36
SDWISE,J0155+0415,01:55:33.28,+04:15:06.74,28.888666600000004,4.2518725,5.37,,,-26.98,-26.97,-26.96,-27.56,-27.47,-27.29,-27.7,-27.66,-27.5
SDSS,J0157+3001,01:57:45.45,+30:01:10.68,29.439375,30.0196333,5.63,0.43,0.18,-27.36,-27.32,-27.3,-27.97,-27.9,-27.79,-28.38,-28.29,-28.14
PSO,J029.5172-29.0886,01:58:04.14,-29:05:19.25,29.517259999999997,-29.08868,5.99,,,-27.28,-27.27,-27.26,-27.8,-27.74,-27.73,-27.69,-27.43,-27.27
ATLAS,J029.9915-36.5658,01:59:57.96,-36:33:56.88,29.9915479,-36.565723,6.02,,,-27.02,-27.01,-27.0,-27.47,-27.43,-27.38,-27.26,-27.01,-26.7
SHELLQs,J0202-0251,02:02:58.21,-02:51:53.60,30.74254166,-2.86488888,6.03,,,-24.07,-23.78,-22.97,-25.01,-24.6,-23.9,-25.18,-24.91,-24.6
ULAS,J0203+0012,02:03:32.38,+00:12:29.20,30.88491549,0.20813044,5.72,,,-26.18,-26.16,-26.14,-27.18,-27.16,-26.93,-27.07,-26.95,-26.78
SDSS,J0205-0955,02:05:46.63,-09:55:23.7,31.444291600000003,-9.92325,5.37,,,-23.26,-22.42,-22.15,-23.94,-23.25,-22.83,-24.0,-23.44,-22.57
SHELLQs,J0206-0255,02:06:11.20,-02:55:37.80,31.54666666,-2.92716666,6.03,,,-25.46,-25.21,-24.95,-25.88,-25.77,-25.59,-25.18,-24.87,-24.57
SDSS,J0208-0112,02:08:04.31,-01:12:34.3,32.0179583,-1.2095277,5.23,,,-25.63,-25.59,-25.56,-25.98,-25.7,-25.59,-25.75,-25.63,-25.46
CFHQS,J0210-0456,02:10:13.19,-04:56:20.90,32.554958,-4.9391388,6.4323,,,-24.23,-24.09,-23.94,-24.91,-24.65,-24.42,-24.81,-24.53,-24.11
SDSS,J0210+0003,02:10:56.67,+00:03:04.7,32.7361249,0.05130560000000001,5.05,,,-25.04,-25.01,-24.67,-25.51,-25.43,-25.36,-26.49,-26.4,-26.26
SHELLQs,J0211-0203,02:11:44.53,-02:03:03.9,32.9355417,-2.0510832999999997,6.37,,,,,,,,,,,
SHELLQs,J0213-0626,02:13:16.94,-06:26:15.2,33.320583299999996,-6.4375556,6.72,,,-23.87,-23.66,-23.49,-24.72,-24.42,-24.07,-24.3,-23.82,-23.15
MMT,J0215-0529,02:15:23.27,-05:29:45.8,33.8469583,-5.49605555,5.13,,,-25.65,-25.64,-25.62,-26.26,-26.03,-25.9,-25.78,-25.62,-25.43
SDWISE,J0216+2304,02:16:24.16,+23:04:09.47,34.100666600000004,23.069297199999998,5.26,,,-26.84,-26.82,-26.81,-27.45,-27.33,-27.22,-27.34,-27.29,-27.17
CFHQS,J0216-0455,02:16:27.81,-04:55:34.10,34.115875,-4.9261387999999995,6.01,,,,,,,,,,,
VDES,J0216-5226,02:16:38.85,-52:26:20.6,34.161875,-52.439055599999996,6.41,,,-25.5,-25.26,-24.69,-26.14,-25.95,-25.7,-26.05,-25.96,-25.83
SHELLQs,J0217-0208,02:17:21.59,-02:08:52.60,34.33995833,-2.14794444,6.2,,,,,,,,,,,
SDSS,J0218-0027,02:18:21.08,-00:27:45.7,34.5878333,-0.4626946,5.11,,,-25.12,-25.08,-25.05,-25.79,-25.7,-25.61,-26.0,-25.88,-25.76
SHELLQs,J0220-0432,02:20:29.72,-04:32:04.0,35.1238333,-4.5344444,5.9,,,,,,,,,,,
MMT,J0221-0342A,02:21:12.32,-03:42:31.6,35.301333299999996,-3.70877777,5.02,,,-24.83,-24.81,-24.79,-25.05,-24.75,-24.7,-25.33,-25.12,-24.85
SDSS,J0221-0342B,02:21:12.62,-03:42:52.3,35.302541600000005,-3.7145,5.02,,,-27.0,-26.99,-26.99,-27.17,-27.16,-27.1,-27.4,-27.28,-27.19
CFHQS,J0221-0802,02:21:22.71,-08:02:51.50,35.344625,-8.0476388,6.1610000000000005,,,-24.55,-24.21,-23.9,-25.45,-25.19,-24.89,-26.04,-25.91,-25.77
VDES,J0224−4711,02:24:26.54,-47:11:29.4,36.1105833,-47.1915,6.526,,,-26.18,-26.16,-26.13,-27.57,-27.46,-27.05,-27.91,-27.7,-27.48
PSO,J036.5078+03.0498,02:26:01.88,+03:02:59.40,36.50780677,3.04983831,6.5412,,,-27.18,-27.15,-26.92,-27.71,-27.35,-27.26,-27.24,-27.19,-27.13
CFHQS,J0227-0605,02:27:43.29,-06:05:30.20,36.930375,-6.0917222,6.2,,,-24.67,-24.42,-24.12,-25.27,-25.0,-24.77,-25.17,-24.94,-24.72
SDSS,J0230+0046,02:30:02.27,+00:46:46.8,37.5094583,0.77966666,5.41,,,-24.98,-24.92,-24.61,-25.28,-25.2,-24.94,-24.68,-24.26,-23.54
SDSS,J0231-0728,02:31:37.64,-07:28:54.4,37.906833299999995,-7.48177777,5.37,,,-27.13,-27.12,-27.12,-27.36,-27.27,-27.24,-27.83,-27.79,-27.61
PSO,J037.9706-28.8389,02:31:52.95,-28:50:20.10,37.970657,-28.838911,6.0,,,-25.31,-25.17,-25.09,-25.59,-25.41,-25.24,-26.26,-26.13,-25.89
SHELLQs,J0235-0532,02:35:42.42,-05:32:41.60,38.92675,-5.54488889,6.09,,,,,,,,,,,
SDSS,J0239-0045,02:39:30.24,-00:45:05.40,39.876,-0.7514999,5.82,,,-24.41,-24.31,-24.2,-24.98,-24.7,-24.19,-24.69,-24.3,-23.84
PSO,J040.0159+17.5458,02:40:03.82,+17:32:44.91,40.01591406,17.54580925,5.68,,,-25.89,-25.87,-25.85,-25.9,-25.57,-25.19,-25.86,-25.74,-25.61
SDWISE,J0241+0435,02:41:52.92,+04:35:53.46,40.4705,4.5981833,5.22,,,-26.76,-26.75,-26.74,-27.3,-27.17,-27.12,-27.49,-27.39,-27.3
VDES,J0244−5008,02:44:01.02,−50:08:53.7,41.00424,-50.14826,6.724,,,-26.76,-25.37,-25.34,-27.29,-27.06,-26.95,-27.23,-27.19,-27.06
VDES,J0246-5219,02:46:55.90,-52:19:49.9,41.732916700000004,-52.3305278,6.9,,,-24.83,-24.51,-24.39,-26.25,-26.13,-25.53,-26.59,-26.51,-26.44
PSO,J042.6690-02.9174,02:50:40.58,-02:55:02.82,42.669090000000004,-2.91745,5.89,,,-26.31,-26.29,-26.17,-26.69,-26.6,-26.26,-25.78,-25.65,-25.51
SDWISE,J0251+0333,02:51:21.33,+03:33:17.42,42.8388749,3.5548387999999997,5.0,,,-27.11,-27.11,-26.71,-27.86,-27.66,-27.53,-27.78,-27.74,-27.72
VDES,J0252-0503,02:52:16.64,-05:03:31.8,43.0693333,-5.0588333,7.02,,,-27.46,-24.48,-24.39,-26.93,-26.82,-26.36,-26.83,-26.74,-26.65
PSO,J045.1840-22.5408,03:00:44.18,-22:32:27.20,45.184082000000004,-22.540885,5.68,,,-26.28,-26.25,-26.22,-27.2,-27.13,-26.88,-27.49,-27.32,-27.18
SDSS,J0301+0020,03:01:17.01,+00:20:26.0,45.3208749,0.34055556,5.5,,,,,,,,,,,
SDSS,J0303-0019,03:03:31.40,-00:19:12.90,45.880833,-0.32024990000000003,6.077999999999999,,,-25.15,-25.05,-24.89,-26.21,-26.06,-25.82,-26.13,-25.92,-25.75
VIK,J0305-3150,03:05:16.92,-31:50:56.00,46.320483,-31.848861,6.6145,,,-26.0,-25.03,-24.94,-26.53,-26.35,-26.28,-26.66,-26.54,-26.45
SDWISE,J0306+1853,03:06:42.51,+18:53:15.85,46.677125,18.8877361,5.36,,,-29.15,-29.14,-29.01,-29.62,-29.6,-29.6,-29.52,-29.51,-29.4
CFHQS,J0316-1340,03:16:49.87,-13:40:32.30,49.207791,-13.675638000000001,5.99,,,,,,,,,,,
PSO,J049.2934-26.5543,03:17:10.42,-26:33:15.71,49.29342829,-26.5543637,5.94,,,-25.57,-25.55,-25.53,-26.13,-26.05,-25.98,-26.0,-25.79,-25.56
VDES,J0319-1008,03:19:41.66,-10:08:46.0,49.9235833,-10.146111099999999,6.83,,,-25.8,-24.7,-24.46,-26.66,-26.46,-25.76,-27.18,-27.12,-27.05
SDSS,J0321+0029,03:21:55.07,+00:29:41.4,50.4794583,0.4948335,5.04,,,-24.85,-24.66,-24.59,-25.39,-25.1,-24.78,-25.61,-25.43,-25.23
VDES,J0323-4701,03:23:40.34,-47:01:20.13,50.91808333,-47.02225833,6.25,,,-25.69,-25.42,-25.35,-26.14,-25.92,-25.8,-26.08,-25.84,-25.65
VIK,J0328-3253,03:28:35.51,-32:53:22.92,52.147942,-32.889678,5.86,,,-26.58,-26.5,-26.48,-27.23,-26.93,-26.64,-26.89,-26.72,-26.57
VDES,J0330-4025,03:30:27.92,-40:25:16.40,52.61633333,-40.42122222,6.25,,,-25.98,-25.92,-25.65,-26.27,-26.16,-26.07,-26.34,-26.05,-25.84
PS1,J0332+1811,03:32:36.98,+18:11:59.28,53.154083299999996,18.1998,5.12,,,-27.16,-27.09,-27.0,-27.38,-27.26,-27.09,-27.35,-27.28,-27.22
PSO,J053.9605-15.7956,03:35:50.53,-15:47:44.50,53.96052436,-15.79569428,5.87,,,-26.11,-26.04,-25.99,-26.51,-26.49,-26.47,-26.18,-26.05,-25.89
SDSS,J0338+0021,03:38:29.31,+00:21:56.3,54.622124899999996,0.3656388,5.03,,,-26.83,-26.82,-26.81,-26.97,-26.96,-26.89,-26.92,-26.84,-26.74
SDSS,J0341-0048,03:41:41.85,-00:48:12.7,55.424375,-0.80354444,5.68,,,-26.36,-26.33,-26.29,-26.7,-26.66,-26.6,-26.63,-26.49,-26.27
PSO,J056.7168-16.4769,03:46:52.04,-16:28:36.88,56.71685,-16.47691,5.99,,,-26.77,-26.65,-26.61,-27.35,-27.23,-26.9,-27.24,-27.15,-27.01
SDSS,J0349+0034,03:49:59.40,+00:34:03.5,57.497499899999994,0.5676388000000001,5.2,,,-25.36,-25.24,-25.11,-25.14,-24.98,-24.84,-25.66,-25.54,-25.42
SDSS,J0353+0104,03:53:49.72,+01:04:04.40,58.45721356,1.06796142,6.072,,,-26.43,-26.31,-26.17,-26.83,-26.67,-26.44,-26.8,-26.68,-26.52
PSO,J060.5529+24.8567,04:02:12.69,+24:51:24.43,60.552894499999994,24.85678567,6.18,,,-26.65,-26.57,-26.54,-27.21,-26.88,-26.73,-27.26,-27.1,-26.89
VDES,J0408-5632,04:08:19.23,-56:32:28.82,62.080125,-56.54133888,6.03,,,-26.51,-26.29,-26.26,-27.1,-27.05,-27.0,-26.38,-26.21,-25.95
VDES,J0410-4414,04:10:03.23,-44:14:40.70,62.51345833,-44.24463888,6.21,,,-25.78,-25.5,-25.45,-26.47,-26.24,-26.14,-26.28,-26.19,-26.03
DELS,J0411-0907,04:11:28.63,-09:07:49.8,62.869291000000004,-9.1305,6.81,,,-27.52,-27.19,-26.07,-27.39,-27.35,-27.3,-27.42,-27.37,-27.27
VDES,J0420-4453,04:20:11.34,-44:53:23.80,65.04725,-44.88994444,6.07,,,-26.04,-25.69,-25.64,-26.55,-26.38,-26.26,-26.57,-26.34,-26.19
PSO,J065.4085-26.9543,04:21:38.05,-26:57:15.61,65.408537,-26.95433511,6.188,,,-27.35,-27.32,-27.29,-27.66,-27.3,-27.25,-27.27,-27.23,-27.18
PSO,J065.5041-19.4579,04:22:01.00,-19:27:28.69,65.50414653,-19.45796853,6.125,,,-26.46,-26.44,-26.33,-27.71,-27.64,-27.14,-27.81,-27.75,-27.66
UHS,J0439+1634,04:39:47.08,+16:34:15.7,69.946166,16.571027700000002,6.51,,,-29.14,-28.98,-28.97,-29.77,-29.75,-29.74,-29.81,-29.72,-29.69
PSO,J071.0322-04.5591,04:44:07.73,-04:33:33.07,71.03221433,-4.55918682,5.89,,,-26.7,-26.66,-26.62,-27.04,-26.88,-26.52,-26.35,-26.15,-26.03
PSO,J071.4507-02.3332,04:45:48.18,-02:19:59.84,71.45075,-2.3332900000000003,5.69,,,-27.51,-27.49,-27.45,-27.79,-27.76,-27.58,-27.49,-27.31,-27.26
VDES,J0454-4448,04:54:01.79,-44:48:31.10,73.50745,-44.808640000000004,6.058,,,-26.59,-26.33,-26.27,-26.41,-26.35,-26.29,-26.53,-26.29,-26.13
PSO,J075.9356-07.5061,05:03:44.56,-07:30:22.07,75.93566,-7.506130000000001,5.88,,,-26.4,-26.36,-26.32,-26.25,-25.93,-25.74,-26.6,-26.41,-26.27
PS1,J0511-0754,05:11:54.73,-07:54:44.30,77.9780417,-7.9123056,5.13,,,-26.73,-26.53,-26.45,-27.14,-27.05,-26.84,-27.32,-27.28,-27.16
PSO,J089.9394-15.5833,05:59:45.47,-15:35:00.20,89.93944458,-15.5833895,6.05,,,-27.1,-27.06,-27.03,-28.1,-28.06,-28.02,-28.44,-28.37,-28.3
PS1,J0616-1338,06:16:24.38,-13:38:06.40,94.1015833,-13.6351111,5.58,,,-27.09,-26.83,-26.71,-27.43,-27.37,-27.21,-27.53,-27.48,-27.35
DELS,J0706+2921,07:06:26.39,+29:21:05.5,106.609958,29.351527700000002,6.58,,,-26.51,-26.49,-26.46,-27.62,-27.57,-27.54,-27.74,-27.55,-27.47
PSO,J108.4429+08.9257,07:13:46.31,+08:55:32.65,108.4429416,8.92573692,5.92,,,-27.51,-27.41,-27.38,-27.87,-27.62,-27.53,-27.91,-27.86,-27.7
SDSS,J0731+4459,07:31:03.12,+44:59:49.4,112.76303,44.99707,5.01,,,-27.55,-27.51,-27.49,-27.65,-27.54,-27.45,-27.72,-27.59,-27.56
SDSS,J0741+2520,07:41:54.72,+25:20:29.6,115.478,25.34156944,5.194,2.63,0.29,-28.09,-28.06,-28.05,-28.71,-28.38,-28.06,-28.96,-28.95,-28.89
SDWISE,J0747+1153,07:47:49.18,+11:53:52.46,116.95491659999999,11.897905499999998,5.26,,,-28.21,-28.21,-28.06,-28.65,-28.56,-28.54,-29.12,-29.08,-29.06
SDSS,J0756+4104,07:56:18.13,+41:04:08.6,119.07558119999999,41.06905919,5.06,0.42,0.13,-26.47,-26.46,-26.45,-27.0,-26.88,-26.8,-26.94,-26.86,-26.74
PS1,J0757-0002,07:57:45.90,-00:02:01.09,119.44125,-0.0336361,5.54,,,-26.58,-26.55,-26.52,-27.01,-26.74,-26.57,-27.71,-27.6,-27.5
DELS,J0803+3138,08:03:05.42,+31:38:34.2,120.77258300000001,31.6428333,6.377000000000001,1.32,0.12,-26.77,-26.63,-26.58,-26.65,-26.54,-26.44,-26.93,-26.72,-26.51
SDSS,J0810+5105,08:10:54.32,+51:05:40.10,122.7263086,51.094473,5.82,0.4,0.14,-26.68,-26.66,-26.64,-26.79,-26.66,-26.49,-26.99,-26.77,-26.63
SDWISE,J0812+0440,08:12:48.82,+04:40:56.54,123.2034166,4.6823722000000005,5.29,,,-26.65,-26.63,-26.61,-27.16,-27.05,-26.72,-27.37,-27.32,-27.27
PS1,J0817-1633,08:17:00.66,-16:33:29.29,124.25275,-16.5581361,5.06,,,-27.24,-27.2,-27.13,-27.64,-27.62,-27.42,-27.71,-27.67,-27.63
SDSS,J0818+1722,08:18:27.40,+17:22:51.80,124.6141845,17.38111271,6.02,,,-27.49,-27.44,-27.41,-27.95,-27.63,-27.55,-28.11,-28.07,-28.01
SDSS,J0824+1302,08:24:54.01,+13:02:16.9,126.22506340000001,13.03804903,5.15,,,-27.01,-26.82,-26.81,-27.34,-27.25,-27.21,-27.23,-27.15,-27.08
ULAS,J0828+2633,08:28:13.41,+26:33:55.49,127.05586219999999,26.56541403,6.05,,,-26.44,-26.42,-26.12,-26.04,-25.94,-25.87,-26.85,-26.72,-26.51
PSO,J127.2817+03.0657,08:29:07.62,+03:03:56.52,127.28174059999999,3.06570093,5.85,,,-25.98,-25.92,-25.86,-25.94,-25.52,-25.2,-26.45,-26.33,-26.13
DELS,J0829+4117,08:29:31.97,+41:17:40.4,127.38320800000001,41.2945555,6.768,,,-25.45,-25.32,-25.15,-26.87,-26.63,-26.53,-26.79,-26.67,-26.59
SUVAW,J0829+2506,08:29:33.10,+25:06:45.6,127.3879166,25.11266666,5.35,,,-26.63,-26.56,-26.54,-27.12,-27.01,-26.88,-27.17,-27.11,-27.0
SDSS,J0833+2726,08:33:17.66,+27:26:29.0,128.3235833,27.44138888,5.02,,,-25.75,-25.48,-25.46,-26.72,-26.51,-26.15,-26.53,-26.4,-26.3
SHELLQs,J0834+0211,08:34:00.88,+02:11:46.9,128.50366670000003,2.1963611000000003,6.15,,,,,,,,,,,
SDSS,J0835+3217,08:35:25.76,+32:17:52.60,128.8573333,32.29794444,5.89,,,-25.88,-25.84,-25.79,-25.82,-25.54,-25.21,-26.14,-25.95,-25.78
SDSS,J0835+0537,08:35:54.36,+05:37:53.0,128.97651322,5.6314046,5.065,,,-26.45,-26.42,-26.26,-27.16,-27.07,-26.99,-27.29,-27.17,-27.08
SDSS,J0836+0054,08:36:43.85,+00:54:53.30,129.1827665,0.91479339,5.81,,,-27.69,-27.69,-27.67,-28.28,-28.27,-28.24,-28.62,-28.58,-28.32
DELS,J0837+4929,08:37:37.84,+49:29:00.4,129.40766599999998,49.483444399999996,6.71,,,-25.94,-25.82,-25.79,-26.79,-26.69,-26.6,-26.99,-26.91,-26.84
DELS,J0839+3900,08:39:46.88,+39:00:11.5,129.945333,39.0031944,6.905,0.35,0.18,-25.67,-25.46,-25.39,-26.67,-26.59,-26.45,-27.85,-27.82,-27.72
VIK,J0839+0015,08:39:55.36,+00:15:54.2,129.98065,0.2650583,5.84,,,-25.36,-25.18,-25.14,-26.2,-26.11,-25.94,-26.08,-25.89,-25.75
SDSS,J0840+5624,08:40:35.09,+56:24:19.90,130.1462615,56.40561756,5.8441,0.31,0.1,-27.14,-27.12,-27.09,-27.39,-27.1,-27.03,-26.95,-26.82,-26.68
SDSS,J0841+2905,08:41:19.52,+29:05:04.40,130.3313231,29.08459657,5.98,,,-26.65,-26.41,-26.38,-26.93,-26.87,-26.58,-26.7,-26.59,-26.36
SDSS,J0842+1218,08:42:29.43,+12:18:50.50,130.6226384,12.31405085,6.0760000000000005,,,-27.0,-26.96,-26.91,-27.45,-27.26,-27.12,-27.29,-27.1,-26.9
SHELLQs,J0844-0132,08:44:08.61,-01:32:16.5,131.035875,-1.5379167,6.18,,,,,,,,,,,
SHELLQs,J0844-0052,08:44:31.60,-00:52:54.60,131.1316666,-0.88183333,6.25,,,-23.38,-23.08,-22.87,-24.07,-23.53,-22.4,-24.12,-23.56,-22.89
SDSS,J0846+0800,08:46:27.84,+08:00:51.7,131.61600383,8.01436554,5.0,,,-26.54,-26.52,-26.37,-27.21,-27.12,-27.05,-26.83,-26.73,-26.64
IMS,J0850-0506,08:50:28.16,-05:06:06.9,132.61733329999998,-5.1019167,5.357,,,-23.99,-23.65,-23.09,-24.53,-24.29,-23.98,-24.12,-23.6,-22.87
SDSS,J0850+3246,08:50:48.25,+32:46:47.90,132.7010255,32.7799831,5.87,,,-26.82,-26.79,-26.75,-27.3,-27.17,-26.92,-27.13,-26.92,-26.77
SHELLQs,J0853+0139,08:53:48.84,+01:39:11.00,133.4535,1.65305555,6.01,,,,,,,,,,,
SDSS,J0854+2056,08:54:30.37,+20:56:50.8,133.62655121,20.94745469,5.17,,,-26.59,-26.57,-26.56,-27.16,-27.09,-26.94,-27.47,-27.44,-27.37
SHELLQs,J0857+0056,08:57:38.53,+00:56:12.70,134.4105416,0.93686111,6.35,,,,,,,,,,,
SHELLQs,J0858+0000,08:58:13.51,+00:00:57.1,134.5562917,0.0158611,5.99,,,-25.42,-25.16,-24.94,-25.78,-25.72,-25.64,-24.98,-24.77,-24.54
HSC,J0859+0022,08:59:07.19,+00:22:55.90,134.7799583,0.38219444,6.39,,,-23.34,-23.06,-22.86,-23.74,-23.17,-22.43,-23.59,-23.09,-22.54
PSO,J135.3860+16.2518,09:01:32.65,+16:15:06.83,135.3860431,16.25189854,5.63,,,-25.98,-25.95,-25.87,-26.74,-26.54,-25.59,-26.21,-26.08,-25.89
SDSS,J0902+0851,09:02:45.76,+08:51:15.9,135.69067056,8.85442286,5.215,,,-26.35,-26.33,-26.31,-27.11,-26.95,-26.68,-27.02,-26.95,-26.83
SHELLQs,J0902+0155,09:02:54.87,+01:55:10.90,135.728625,1.91969444,6.01,,,,,,,,,,,
SHELLQs,J0903+0211,09:03:14.68,+02:11:28.30,135.8111666,2.19119444,5.92,,,,,,,,,,,
PSO,J135.8704-13.8336,09:03:28.91,-13:50:01.27,135.87045680000003,-13.83368626,5.91,,,-25.45,-25.36,-25.31,-26.07,-25.38,-25.04,-26.5,-26.37,-26.17
SHELLQs,J0905+0300,09:05:44.65,+03:00:58.80,136.4360416,3.01633333,6.27,,,,,,,,,,,
SDSS,J0906+6930,09:06:30.75,+69:30:30.8,136.62812499,69.50855555,5.47,,,-26.93,-26.89,-26.73,-27.42,-27.31,-26.96,-27.15,-27.04,-26.89
SHELLQs,J0909+0440,09:09:21.50,+04:40:42.9,137.33958330000002,4.6785833,6.15,,,-24.97,-24.78,-23.72,-25.2,-24.73,-24.28,-24.92,-24.62,-24.29
DELS,J0910+1656,09:10:13.63,+16:56:29.8,137.556791,16.9416111,6.72,,,-24.96,-24.79,-24.53,-26.15,-26.01,-25.87,-26.33,-26.21,-26.08
DELS,J0910-0414,09:10:54.53,-04:14:06.8,137.72720800000002,-4.2352222,6.63,,,-26.44,-26.38,-26.3,-26.96,-26.59,-26.47,-27.15,-27.07,-26.95
SHELLQs,J0911+0152,09:11:14.27,+01:52:19.40,137.80945830000002,1.87205555,6.07,,,,,,,,,,,
SDSS,J0913+5919,09:13:16.55,+59:19:21.6,138.31896345,59.32268879,5.12,9.94,0.09,-25.96,-25.93,-25.91,-26.6,-26.4,-26.17,-26.78,-26.63,-26.55
SDSS,J0915+4924,09:15:43.64,+49:24:16.6,138.93184201,49.40462411,5.19,,,-27.13,-27.11,-26.95,-27.53,-27.04,-26.96,-27.3,-27.27,-27.22
SDSS,J0917+3830,09:17:57.95,+38:30:40.1,139.49149069,38.51115496,5.11,,,-25.74,-25.71,-25.69,-25.81,-25.56,-25.37,-25.98,-25.85,-25.68
SHELLQs,J0918+0139,09:18:33.17,+01:39:23.3,139.6382083,1.6564721999999998,6.19,,,-23.72,-23.27,-23.03,-24.47,-24.14,-23.76,-24.7,-24.37,-23.84
SHELLQs,J0921+0007,09:21:20.56,+00:07:22.9,140.3356667,0.1230278,6.56,,,-24.77,-24.69,-24.52,-25.89,-25.84,-25.78,-27.04,-26.97,-26.88
SDSS,J0922+2653,09:22:16.81,+26:53:59.0,140.5700563,26.89973758,5.048,,,-26.32,-26.3,-26.29,-26.87,-26.72,-26.66,-26.66,-26.56,-26.48
SDSS,J0923+3009,09:23:36.78,+30:09:49.5,140.90326724,30.16377289,5.067,,,-25.54,-25.39,-25.34,-26.45,-26.14,-25.74,-26.03,-25.88,-25.71
SHELLQs,J0923+0402,09:23:47.12,+04:02:54.4,140.94633330000002,4.048444399999999,6.6,,,-26.25,-25.47,-25.38,-27.16,-27.11,-27.04,-27.59,-27.42,-27.28
TN,J0924-2201,09:24:19.92,-22:01.41.5,141.083,-22.0281944,5.19,,,,,,,,,,,
SDSS,J0927+2001,09:27:21.82,+20:01:23.70,141.84091980000002,20.02323341,5.772,,,-26.52,-26.51,-26.5,-26.61,-26.36,-26.18,-26.64,-26.59,-26.54
SDSS,J0932+1222,09:32:49.75,+12:22:05.8,143.20733069999997,12.36828033,5.019,,,-25.43,-24.91,-24.86,-26.58,-26.28,-26.04,-25.97,-25.79,-25.59
SUVAW,J0935-0207,09:35:23.31,-02:07:54.4,143.847125,-2.13177777,5.32,,,-26.28,-26.26,-26.24,-26.62,-26.44,-26.35,-26.77,-26.7,-26.6
SDSS,J0948+2106,09:48:55.36,+21:06:31.5,147.23068155,21.10876938,5.172000000000001,,,-26.55,-26.4,-26.36,-27.12,-26.98,-26.85,-26.66,-26.57,-26.47
SDSS,J0957+0610,09:57:07.67,+06:10:59.5,149.28198799,6.183206919,5.14,,,-27.53,-27.47,-27.46,-27.65,-27.33,-27.26,-27.69,-27.58,-27.54
SUVAW,J0957+1016,09:57:12.20,+10:16:18.5,149.30083333,10.27180555,5.14,,,-26.18,-26.15,-25.98,-26.94,-26.84,-26.72,-26.52,-26.42,-26.3
SDSS,J0957+0519,09:57:27.86,+05:19:05.2,149.3661115,5.318132272,5.185,,,-26.47,-26.44,-26.42,-27.06,-26.99,-26.9,-26.94,-26.89,-26.83
SHELLQs,J0957+0053,09:57:40.39,+00:53:33.6,149.4182917,0.8926666999999999,6.05,,,,,,,,,,,
SDSS,J0958+3524,09:58:14.02,+35:24:48.8,149.55845095,35.4135633,5.1160000000000005,0.2,0.09,-26.1,-25.89,-25.54,-26.15,-25.81,-25.62,-26.2,-26.06,-25.94
SDSS,J0959+0227,09:59:08.10,+02:27:07.4,149.78374999,2.45204444,5.07,,,,,,,,,,,
SDSS,J1000+2103,10:00:43.77,+21:03:26.6,150.18239929,21.05740935,5.07,,,-26.69,-26.62,-26.59,-27.04,-26.88,-26.74,-27.16,-27.1,-27.01
SDSS,J1000+0234,10:00:51.50,+02:34:57.5,150.21458333,2.58263333,5.3,,,,,,,,,,,
SHELLQs,J1004+0239,10:04:01.36,+02:39:30.7,151.00566669999998,2.6585278,6.41,,,-23.96,-23.76,-23.61,-24.81,-24.52,-24.29,-25.1,-24.8,-24.44
SUVAW,J1006-0310,10:06:14.61,-03:10:30.4,151.56087499,-3.17511111,5.55,,,-26.5,-26.47,-26.45,-27.29,-27.06,-26.98,-27.44,-27.39,-27.25
SDSS,J1013+4240,10:13:36.33,+42:40:26.4,153.40139162,42.67400058,5.03,,,-26.63,-26.61,-26.59,-26.88,-26.75,-26.29,-26.43,-26.34,-26.23
SUHAW,J1016+2541,10:16:37.71,+25:41:31.9,154.157125,25.692194399999998,5.64,,,-27.74,-27.72,-27.67,-27.83,-27.79,-27.74,-27.96,-27.84,-27.71
SUVAW,J1022+0801,10:22:01.91,+08:01:22.2,155.50795833,8.02283333,5.3,,,-27.19,-27.18,-27.17,-27.55,-27.51,-27.43,-27.72,-27.68,-27.51
SDSS,J1022+2252,10:22:10.04,+22:52:25.4,155.5418621,22.87373501,5.47,,,-27.19,-27.17,-27.14,-27.32,-27.18,-27.0,-27.99,-27.93,-27.73
SDSS,J1026+2542,10:26:23.62,+25:42:59.4,156.59845266,25.71651275,5.25,,,-26.68,-26.62,-26.39,-27.41,-27.3,-27.17,-27.12,-27.06,-27.0
SDSS,J1028+0746,10:28:33.45,+07:46:18.9,157.13939876,7.77193216,5.15,,,-26.52,-26.5,-26.48,-27.15,-26.96,-26.8,-26.9,-26.84,-26.74
SDSS,J1030+0524,10:30:27.10,+05:24:55.00,157.6129585,5.41529456,6.308,,,-26.95,-26.92,-26.44,-27.29,-27.1,-26.96,-27.48,-27.27,-26.96
PSO,J157.9070-02.6599,10:31:37.69,-02:39:35.67,157.9070364,-2.65990731,5.88,,,-26.38,-26.24,-26.21,-26.24,-26.15,-26.1,-26.86,-26.67,-26.54
SDSS,J1034+5722,10:34:14.33,+57:22:27.7,158.55970833,57.37436111,5.4,,,,,,,,,,,
SDSS,J1034+2033,10:34:18.64,+20:33:00.2,158.57770505,20.55005942,5.01,,,-26.53,-26.52,-26.5,-27.14,-26.94,-26.88,-27.62,-27.56,-27.36
PS1,J1034-1233,10:34:36.86,-12:33:42.49,158.6535833,-12.5618028,5.51,,,-26.25,-26.14,-26.01,-26.81,-26.68,-26.51,-27.0,-26.94,-26.85
ATLAS,J158.6938-14.4211,10:34:46.51,-14:25:15.96,158.6938,-14.4211,6.07,,,-27.44,-27.41,-27.38,-27.85,-27.47,-27.39,-27.91,-27.69,-27.57
PSO,J159.2257-02.5438,10:36:54.19,-02:32:37.94,159.225791,-2.54387343,6.381,,,-26.8,-26.79,-26.78,-27.21,-27.18,-27.14,-27.34,-27.27,-27.12
SDSS,J1040-1155,10:40:48.60,-11:55:50.2,160.2025,-11.93061111,5.44,,,,,,,,,,,
SDSS,J1043+1010,10:43:35.19,+10:10:34.5,160.89663741,10.17627122,5.085,,,-25.99,-25.97,-25.9,-25.9,-25.56,-25.39,-25.87,-25.72,-25.54
SDSS,J1044-0125,10:44:33.04,-01:25:02.20,161.13766999999999,-1.4172777,5.7847,,,-27.39,-27.38,-27.37,-27.62,-27.48,-27.46,-27.39,-27.3,-27.08
DELS,J1048-0109,10:48:19.08,-01:09:40.45,162.0795,-1.1612361,6.678,,,-25.63,-24.71,-24.63,-26.27,-26.21,-26.07,-26.53,-26.43,-26.32
SDSS,J1048+3339,10:48:36.73,+33:39:47.66,162.153041,33.663238799999995,5.61,0.23,0.11,-26.69,-26.68,-26.66,-27.02,-26.79,-26.62,-26.59,-26.48,-26.31
SDSS,J1048+4637,10:48:45.05,+46:37:18.30,162.187771,46.62181837,6.2284,,,-27.39,-27.32,-27.29,-27.98,-27.94,-27.89,-27.47,-27.34,-27.17
SDSS,J1050+5804,10:50:36.46,+58:04:24.6,162.65194802,58.07352357,5.155,,,-26.67,-26.66,-26.25,-27.06,-26.66,-26.65,-27.21,-27.15,-27.08
SDSS,J1053+5804,10:53:22.98,+58:04:12.1,163.34578703,58.07003623,5.265,,,-27.14,-27.12,-27.1,-27.54,-26.94,-26.88,-27.08,-27.01,-26.88
SDSS,J1054+4637,10:54:05.32,+46:37:30.25,163.522166,46.625069399999994,5.47,0.29,0.07,-26.93,-26.87,-26.83,-27.29,-27.16,-26.96,-27.17,-27.07,-26.93
SDSS,J1054+1633,10:54:45.43,+16:33:37.3,163.68929649,16.56038561,5.135,,,-26.52,-26.38,-26.36,-27.25,-27.15,-27.05,-27.39,-27.36,-27.17
PS1,J1057-1758,10:57:27.60,-17:58:31.70,164.365,-17.9754722,5.34,,,-27.22,-26.92,-26.86,-27.52,-27.48,-27.36,-27.62,-27.57,-27.44
CFHQS,J1059-0906,10:59:28.61,-09:06:20.40,164.8692,-9.1056666,5.92,,,-25.69,-25.62,-25.48,-26.78,-26.61,-26.38,-26.28,-26.08,-25.87
SDSS,J1101+0531,11:01:34.35,+05:31:33.8,165.39316612,5.52607366,5.0,,,-27.15,-27.13,-27.12,-27.66,-27.6,-27.53,-27.13,-27.06,-26.99
DELS,J1104+2134,11:04:21.59,+21:34:28.8,166.089958,21.574666600000004,6.74,,,-25.75,-25.46,-25.43,-26.91,-26.83,-26.76,-26.93,-26.82,-26.74
PSO,J167.4726+56.9521,11:09:53.43,+56:57:07.61,167.47262709999998,56.95211429,5.95,,,-26.02,-25.89,-25.84,-26.47,-26.08,-25.68,-26.02,-25.83,-25.6
PSO,J167.6415-13.4960,11:10:33.96,-13:29:45.60,167.64156599999998,-13.4959995,6.5148,,,,,,,,,,,
SDSS,J1119+3452,11:19:20.64,+34:52:48.2,169.83599999999998,34.88003,5.013999999999999,0.31,0.11,-26.7,-26.67,-26.65,-26.87,-26.64,-26.43,-26.84,-26.77,-26.7
ULAS,J1120+0641,11:20:01.48,+06:41:24.30,170.00616000000002,6.6900832999999995,7.0842,,,-26.43,-26.07,-25.92,-27.14,-27.06,-26.68,-27.24,-27.18,-27.13
PS1,J1121-0718,11:21:43.65,-07:18:39.69,170.431875,-7.311025,5.71,,,-26.6,-26.55,-26.49,-27.04,-26.9,-26.55,-26.97,-26.9,-26.68
SDSS,J1122+1342,11:22:50.04,+13:42:36.4,170.70851309,13.71012455,5.187,,,-25.42,-25.4,-25.36,-25.53,-25.36,-25.24,-26.1,-25.97,-25.86
SDSS,J1123-0044,11:23:11.15,-00:44:18.6,170.79645833,-0.73851111,5.0,,,-26.1,-25.97,-25.95,-26.73,-26.57,-26.5,-26.58,-26.49,-26.4
SDSS,J1125+4448,11:25:16.11,+44:48:44.9,171.31714388,44.81247508,5.11,0.57,0.14,-26.28,-26.25,-26.22,-27.41,-27.31,-27.24,-27.62,-27.45,-27.39
SDSS,J1126+1734,11:26:37.96,+17:34:58.5,171.65820596,17.58293115,5.216,,,-26.73,-26.63,-26.61,-27.17,-27.07,-26.9,-27.04,-26.98,-26.92
PSO,J172.1770+26.8866,11:28:42.48,+26:53:12.00,172.17700109999998,26.88666537,5.77,,,-25.88,-25.84,-25.79,-26.84,-26.66,-26.45,-26.41,-26.23,-26.11
SDSS,J1128+5759,11:28:57.84,+57:59:09.8,172.24103279,57.98606763,5.001,0.41,0.08,-27.37,-27.35,-27.34,-27.25,-27.19,-27.1,-27.15,-27.1,-26.94
SDSS,J1132+1209,11:32:46.50,+12:09:01.7,173.19375,12.15047222,5.167000000000001,,,-27.29,-27.28,-27.27,-27.33,-27.23,-27.14,-27.73,-27.69,-27.56
SUVAW,J1133+1603,11:33:08.78,+16:03:55.7,173.28658333,16.06547222,5.61,,,-26.82,-26.78,-26.73,-27.35,-26.93,-26.53,-27.06,-26.96,-26.81
SUVAW,J1134+0828,11:34:14.23,+08:28:53.3,173.55929166,8.48147222,5.69,,,-26.17,-26.0,-25.96,-26.54,-26.47,-26.3,-27.24,-27.16,-27.11
DELS,J1135+5011,11:35:08.93,+50:11:33.0,173.78720800000002,50.1924999,6.58,,,-25.43,-25.33,-25.29,-26.71,-26.62,-26.13,-26.83,-26.68,-26.58
SDSS,J1137+3549,11:37:17.73,+35:49:56.90,174.32386780000002,35.83245858,6.03,,,-27.25,-27.23,-27.2,-27.28,-27.15,-27.08,-27.41,-27.2,-26.86
PS1,J1137-1049,11:37:35.37,-10:49:34.54,174.397375,-10.826261099999998,5.5,,,-26.97,-26.81,-26.74,-27.32,-27.26,-27.05,-27.42,-27.35,-27.19
PSO,J174.7920-12.2845,11:39:10.09,-12:17:04.38,174.7920407,-12.28454921,5.81,,,-26.6,-26.54,-26.48,-26.39,-26.23,-26.08,-26.56,-26.43,-26.31
PSO,J175.4091-20.2654,11:41:38.20,-20:15:55.65,175.40918430000002,-20.26545798,5.69,,,-26.57,-26.4,-26.25,-26.98,-26.81,-26.45,-27.12,-27.06,-26.97
SDSS,J1143+3808,11:43:38.34,+38:08:28.70,175.90977969999997,38.14133978,5.8,,,-26.86,-26.83,-26.81,-26.84,-26.64,-26.37,-27.03,-26.82,-26.69
SHELLQs,J1146-0154,11:46:32.66,-01:54:38.3,176.63608330000002,-1.9106389,6.16,,,-23.66,-23.29,-22.86,-24.66,-24.13,-23.45,-28.25,-26.14,-23.39
SHELLQs,J1146+0124,11:46:48.42,+01:24:20.1,176.70175,1.4055833,6.27,,,,,,,,,,,
SDSS,J1146+4037,11:46:57.79,+40:37:08.7,176.7407917,40.6190833,5.0089999999999995,2.38,0.09,-26.64,-26.61,-26.6,-27.75,-27.64,-27.53,-27.76,-27.72,-27.58
SHELLQs,J1146-0005,11:46:58.89,-00:05:37.7,176.745375,-0.0938056,6.3,,,,,,,,,,,
SUVAW,J1147-0109,11:47:06.41,-01:09:58.2,176.77670833,-1.16616666,5.31,,,-27.33,-27.32,-27.24,-27.69,-27.68,-27.67,-27.37,-27.28,-27.21
ULAS,J1148+0702,11:48:03.29,+07:02:08.30,177.01370369999998,7.0356349,6.3389999999999995,,,-26.46,-26.41,-26.37,-27.03,-26.86,-26.66,-27.45,-27.28,-26.99
RD,J1148+5253,11:48:16.21,+52:53:39.30,177.06753999999998,52.89425,5.7,,,,,,,,,,,
SDSS,J1148+5251,11:48:16.64,+52:51:50.30,177.0693757,52.86399858,6.4189,,,-27.69,-27.68,-27.67,-28.08,-28.05,-28.0,-27.84,-27.56,-27.41
SDSS,J1148+3020,11:48:26.16,+30:20:19.3,177.1090253,30.33869677,5.13,,,-26.82,-26.68,-26.66,-27.28,-27.14,-27.05,-26.85,-26.78,-26.7
VIK,J1148+0056,11:48:33.18,+00:56:42.3,177.13825,0.9450722,5.84,,,-24.91,-24.69,-24.64,-25.68,-25.54,-25.3,-25.76,-25.54,-25.32
SUVAW,J1149+0748,11:49:46.45,+07:48:50.6,177.44354166,7.81405555,5.66,,,-26.34,-26.32,-26.31,-26.59,-26.18,-26.0,-26.57,-26.45,-26.2
VIK,J1152+0055,11:52:21.27,+00:55:36.60,178.08863,0.92685833,6.3643,,,-24.94,-24.79,-24.64,-25.72,-25.5,-25.36,-26.0,-25.84,-25.65
PSO,J178.5594-12.1881,11:54:14.26,-12:11:17.48,178.5594134,-12.18818926,5.83,,,-26.38,-26.3,-26.22,-26.37,-26.16,-25.96,-26.45,-26.26,-26.09
SDSS,J1154+2333,11:54:19.91,+23:33:57.2,178.58299441,23.56590841,5.011,,,-26.49,-26.47,-26.44,-26.71,-26.59,-26.21,-26.88,-26.81,-26.76
SDSS,J1154+1341,11:54:24.73,+13:41:45.7,178.60305991,13.69605218,5.005,,,-26.41,-26.29,-26.28,-26.93,-26.82,-26.72,-26.93,-26.87,-26.75
SDSS,J1157+0637,11:57:48.38,+06:37:11.9,179.45160964,6.61998161,5.14,,,-26.29,-26.27,-26.25,-26.8,-26.62,-26.44,-26.73,-26.62,-26.55
SHELLQs,J1201+0133,12:01:03.02,+01:33:56.40,180.26258330000002,1.56566667,6.06,,,,,,,,,,,
SDSS,J1202+3235,12:02:07.78,+32:35:38.7,180.53242178,32.59410995,5.263,,,-27.71,-27.52,-27.5,-28.02,-27.98,-27.94,-27.79,-27.67,-27.6
HSC,J1202-0057,12:02:46.37,-00:57:01.70,180.6932083,-0.95047222,5.93,,,,,,,,,,,
SDSS,J1204-0021,12:04:41.73,-00:21:49.6,181.17389474,-0.36378588,5.09,,,-27.32,-27.29,-27.12,-27.57,-27.54,-27.53,-27.53,-27.47,-27.34
HSC,J1205-0000,12:05:05.09,-00:00:27.90,181.2712417,-0.00776944,6.75,,,-24.78,-24.64,-24.52,-25.61,-25.45,-25.26,-26.71,-26.62,-26.52
ULAS,J1207+0630,12:07:37.43,+06:30:10.10,181.90599880000002,6.50284332,6.0366,,,-26.74,-26.72,-26.7,-26.39,-26.28,-26.19,-26.74,-26.52,-26.3
HSC,J1207-0005,12:07:54.14,-00:05:53.30,181.9755833,-0.09813889,6.01,,,,,,,,,,,
SDSS,J1208+0010,12:08:23.82,+00:10:27.7,182.09924999,0.17436111,5.273,,,-26.19,-26.17,-26.16,-26.38,-26.11,-26.02,-25.81,-25.64,-25.47
SDSS,J1208+2110,12:08:52.66,+21:10:33.9,182.21944502,21.17610232,5.06,,,-26.4,-26.38,-26.36,-27.43,-27.32,-27.21,-27.62,-27.44,-27.38
SHELLQs,J1208-0200,12:08:59.23,-02:00:34.80,182.24679167,-2.00966667,6.2,,,-24.63,-24.52,-24.28,-25.42,-25.26,-25.04,-25.74,-25.55,-25.35
SHELLQs,J1209-0006,12:09:23.99,-00:06:46.5,182.3499583,-0.1129167,5.86,,,,,,,,,,,
SDSS,J1209+1831,12:09:52.73,+18:31:47.2,182.46970927,18.52978084,5.148,,,-26.57,-26.56,-26.54,-27.42,-27.3,-27.21,-27.38,-27.31,-27.26
PSO,J183.1124+05.0926,12:12:26.98,+05:05:33.49,183.11242083,5.09263611,6.4386,,,-26.78,-26.7,-26.67,-27.32,-27.07,-26.79,-26.8,-26.69,-26.51
PSO,J183.2991-12.7676,12:13:11.80,-12:46:03.50,183.29918999999998,-12.767624,5.86,,,-27.48,-27.46,-27.43,-27.76,-27.73,-27.56,-27.29,-27.26,-27.23
VIK,J1215+0023,12:15:16.87,+00:23:24.65,183.8202986,0.39018341,5.93,,,-25.06,-24.78,-24.71,-25.67,-25.59,-25.48,-25.06,-24.72,-24.3
DELS,J1216+4519,12:16:27.58,+45:19:10.7,184.114916,45.3196388,6.654,0.55,0.08,-24.99,-24.87,-24.76,-26.41,-25.58,-25.25,-26.94,-26.87,-26.73
PSO,J184.3389+01.5284,12:17:21.35,+01:31:42.47,184.3389334,1.52846356,6.2,,,-25.23,-25.18,-25.11,-26.19,-26.11,-26.04,-26.12,-25.97,-25.74
SDSS,J1218+1807,12:18:11.19,+18:07:50.54,184.546624,18.130705499999998,5.3,,,-26.34,-26.32,-26.3,-26.73,-26.35,-26.16,-26.62,-26.53,-26.39
SHELLQs,J1219+0050,12:19:05.34,+00:50:37.5,184.77225,0.84375,6.01,,,-24.2,-24.07,-23.88,-24.73,-24.24,-23.94,-23.65,-22.65,-21.53
SDSS,J1221+4445,12:21:46.42,+44:45:28.0,185.44341967,44.75779109,5.191,,,-26.45,-26.44,-26.42,-27.18,-27.05,-26.97,-27.37,-27.33,-27.24
SDSS,J1222+1958,12:22:37.96,+19:58:42.9,185.65818188,19.97859073,5.13,,,-26.32,-26.31,-26.28,-27.08,-26.93,-26.8,-27.16,-27.11,-26.92
PSO,J187.1047-02.5609,12:28:25.15,-02:33:39.25,187.10478999999998,-2.56090331,5.77,,,-25.67,-25.57,-25.52,-25.72,-25.61,-25.52,-25.97,-25.89,-25.78
PSO,J187.3050+04.3243,12:29:13.20,+04:19:27.70,187.3050336,4.32437446,5.89,,,-25.18,-25.11,-25.05,-26.03,-25.87,-25.66,-25.19,-24.86,-24.47
SDSS,J1233+0622,12:33:33.47,+06:22:34.1,188.38947332,6.376165019,5.3020000000000005,,,-26.63,-26.61,-26.53,-27.27,-27.25,-27.23,-27.36,-27.32,-27.26
SDSS,J1236+4657,12:36:06.05,+46:57:25.13,189.02520800000002,46.9569805,5.55,,,-26.92,-26.89,-26.82,-27.15,-26.99,-26.8,-27.34,-27.3,-27.25
SDSS,J1236+6209,12:36:47.96,+62:09:41.6,189.19983333,62.16155555,5.186,,,,,,,,,,,
SDSS,J1242+5213,12:42:47.91,+52:13:06.7,190.69966293,52.21853315,5.04,0.3,0.08,-26.59,-26.56,-26.54,-27.33,-27.19,-27.04,-27.3,-27.26,-27.09
ULAS,J1243+2529,12:43:40.81,+25:29:23.90,190.9200541,25.4899697,5.83,,,-26.25,-26.24,-26.22,-26.81,-26.63,-26.51,-27.41,-27.35,-27.2
SDSS,J1250+3130,12:50:51.93,+31:30:22.90,192.7163615,31.50608276,6.15,0.38,0.1,-26.97,-26.49,-26.46,-27.36,-27.27,-27.01,-27.38,-27.3,-27.22
XMM,J125329+30,12:53:29.4,+30:55:39,193.372546,30.92761967,5.08,,,-23.48,-23.06,-22.73,-24.57,-23.79,-23.12,-30.03,-28.66,-22.99
PSO,J194.1290+25.5476,12:56:30.97,+25:32:51.45,194.1290326,25.54762379,5.91,0.6,0.18,-25.84,-25.81,-25.7,-26.27,-25.69,-25.28,-26.69,-26.57,-26.34
SDSS,J1257+6349,12:57:57.47,+63:49:37.20,194.48948069999997,63.82698942,6.02,,,-26.82,-26.75,-26.67,-26.57,-26.53,-26.51,-26.66,-26.52,-26.33
SDSS,J1306+0356,13:06:08.26,+03:56:26.30,196.5344701,3.94065562,6.0337,,,-26.85,-26.83,-26.82,-27.38,-27.34,-27.22,-27.05,-27.02,-26.98
PS1,J1310-0639,13:10:13.11,-06:39:51.56,197.554625,-6.664322200000001,5.06,,,-26.22,-26.2,-26.19,-27.05,-26.64,-26.52,-26.83,-26.74,-26.68
PSO,J197.7198+25.5351,13:10:52.75,+25:32:06.68,197.7198013,25.53518849,5.84,0.29,0.15,-25.97,-25.91,-25.84,-26.5,-26.16,-25.88,-25.9,-25.82,-25.72
PS1,J1313-2617,13:13:26.06,-26:17:21.83,198.35858330000002,-26.2893972,5.54,,,-27.23,-27.16,-27.1,-27.76,-27.73,-27.58,-27.96,-27.91,-27.76
SDSS,J1314+5432,13:14:40.41,+54:32:37.21,198.668374,54.5436694,5.52,0.21,0.07,-26.84,-26.82,-26.78,-26.99,-26.85,-26.7,-27.26,-27.21,-27.08
DELS,J1316+1028,13:16:08.14,+10:28:32.8,199.033916,10.475777699999998,6.35,,,-25.86,-25.72,-25.63,-26.73,-26.38,-26.22,-27.49,-27.27,-26.91
SUVAW,J1317-0239,13:17:20.78,-02:39:13.0,199.33658333,-2.65361111,5.25,,,-26.05,-26.03,-26.0,-26.46,-26.09,-25.82,-26.39,-26.28,-26.17
ULAS,J1319+0950,13:19:11.29,+09:50:51.40,199.797085,9.84764345,6.132999999999999,,,-27.05,-27.03,-27.01,-27.41,-27.36,-26.95,-26.93,-26.69,-26.47
PSO,J201.9222+57.5440,13:27:41.32,+57:32:38.37,201.9221762,57.54399285,5.74,,,-25.87,-25.83,-25.78,-26.48,-26.18,-25.58,-26.61,-26.54,-26.4
SDWISE,J1332+2208,13:32:57.45,+22:08:35.91,203.2393749,22.1433083,5.11,,,-27.45,-27.44,-27.42,-27.61,-27.41,-27.37,-28.08,-27.89,-27.87
SDSS,J1334+1220,13:34:12.56,+12:20:20.7,203.55234824,12.33908622,5.12,,,-26.87,-26.86,-26.85,-27.44,-27.38,-27.33,-27.11,-27.04,-26.97
SDSS,J1335+3533,13:35:50.81,+35:33:15.80,203.9617127,35.55439429,5.9012,0.22,0.09,-26.81,-26.78,-26.72,-27.2,-26.87,-26.76,-26.98,-26.85,-26.75
SUVAW,J1335-0328,13:35:56.24,-03:28:38.2,203.98433333,-3.47727777,5.67,,,-27.87,-27.82,-27.81,-28.01,-27.94,-27.93,-28.22,-28.17,-28.12
SDSS,J1337+4155,13:37:28.81,+41:55:39.8,204.37004203,41.92773724,5.033,0.21,0.08,-26.81,-26.74,-26.64,-27.22,-27.14,-27.09,-27.09,-27.04,-26.99
SDSS,J1340+3926,13:40:15.03,+39:26:30.6,205.06263381,39.44185963,5.03,,,-27.01,-26.87,-26.84,-27.33,-27.22,-27.1,-27.35,-27.23,-27.18
SDSS,J1340+2813,13:40:40.24,+28:13:28.1,205.16766666,28.22448888,5.337999999999999,,,-26.86,-26.72,-26.71,-27.56,-27.48,-27.4,-27.68,-27.66,-27.63
SDSS,J1341+4611,13:41:41.46,+46:11:10.3,205.42274999,46.18619444,5.023,,,-25.91,-25.67,-25.64,-26.59,-26.37,-26.03,-26.54,-26.4,-26.25
SDSS,J1341+3510,13:41:54.01,+35:10:05.7,205.47508159999998,35.16825393,5.23,,,-26.62,-26.61,-26.6,-27.37,-27.24,-27.1,-27.41,-27.36,-27.23
ULAS,J1342+0928,13:42:08.10,+09:28:38.61,205.53375,9.47738888,7.54,,,-26.38,-26.23,-25.48,-26.81,-26.68,-26.44,-26.82,-26.75,-26.64
SDSS,J1345+2329,13:45:26.62,+23:29:49.3,206.36092677,23.49704816,5.062,0.38,0.16,-27.71,-27.7,-27.68,-28.38,-28.33,-28.29,-27.95,-27.9,-27.89
PSO,J209.2058-26.7083,13:56:49.41,-26:42:30.23,209.205856,-26.708396999999998,5.72,,,-27.2,-27.18,-26.95,-27.17,-27.12,-27.05,-27.27,-27.2,-27.06
MMT,J1357+5305,13:57:47.34,+53:05:42.5,209.44724999,53.09513888,5.32,,,-25.6,-25.58,-25.57,-25.87,-25.85,-25.83,-25.94,-25.83,-25.7
SHELLQs,J1400-0011,14:00:28.79,-00:11:51.5,210.1199583,-0.19763889999999998,6.04,,,,,,,,,,,
SHELLQs,J1400-0125,14:00:29.99,-01:25:21.0,210.1249583,-1.4225,6.04,,,-24.11,-23.99,-23.82,-24.77,-24.55,-24.22,-24.64,-24.34,-23.93
PSO,J210.4472+27.8263,14:01:47.34,+27:49:35.03,210.44723419999997,27.82639831,6.14,,,-26.07,-25.84,-25.78,-26.58,-26.11,-25.96,-25.86,-25.71,-25.56
IMS,J1401+5143,14:01:49.96,+51:43:10.3,210.4581667,51.7195278,5.17,0.28,0.11,,,,,,,,,
PSO,J210.7277+40.4008,14:02:54.67,+40:24:03.19,210.72777200000002,40.40088527,6.04,,,-24.76,-24.66,-24.57,-26.23,-25.84,-25.49,-25.84,-25.67,-25.48
PSO,J210.8297+09.0474,14:03:19.13,+09:02:50.90,210.82970350000002,9.04749814,5.88,,,-26.27,-26.2,-26.18,-26.72,-26.52,-26.46,-26.45,-26.31,-26.23
PSO,J210.8722-12.0094,14:03:29.33,-12:00:34.10,210.87222000000003,-12.009482,5.84,,,-26.15,-26.07,-25.74,-26.59,-26.46,-26.28,-25.8,-25.65,-25.52
SHELLQs,J1406-0116,14:06:29.12,-01:16:11.2,211.6213333,-1.2697778,6.33,,,-24.91,-24.76,-24.57,-25.25,-24.83,-24.66,-24.94,-24.6,-24.17
SHELLQs,J1406-0144,14:06:46.88,-01:44:02.6,211.69533330000002,-1.7340556,6.1,,,-23.71,-23.38,-22.95,-24.47,-24.19,-23.8,-24.8,-24.52,-24.14
MMT,J1408+5300,14:08:22.92,+53:00:20.9,212.09549999,53.00580555,5.07,,,-25.5,-25.48,-25.47,-25.88,-25.53,-25.16,-25.82,-25.73,-25.6
PSO,J212.2974-15.9865,14:09:11.38,-15:59:11.66,212.29743369999997,-15.98657168,5.83,,,-25.86,-25.19,-24.85,-26.24,-25.91,-25.69,-26.1,-25.94,-25.72
SDSS,J1411+1217,14:11:11.29,+12:17:37.40,212.7970333,12.29368966,5.904,,,-26.74,-26.73,-26.73,-27.2,-26.89,-26.4,-27.47,-27.42,-27.37
PSO,J213.3629-22.5617,14:13:27.11,-22:33:42.20,213.36299,-22.561737,5.92,,,-26.81,-26.79,-26.76,-27.1,-26.8,-26.64,-27.23,-27.16,-26.95
MMT,J1414+5115,14:14:04.36,+51:15:35.8,213.51816666,51.25994444,5.24,,,-24.98,-24.81,-24.48,-25.62,-25.19,-24.97,-25.38,-25.22,-24.93
MMT,J1414+5732,14:14:31.57,+57:32:34.1,213.63154166,57.54280555,5.16,,,-25.12,-24.83,-24.77,-25.73,-25.47,-25.26,-25.69,-25.58,-25.48
SHELLQs,J1414+0130,14:14:39.54,+01:30:36.50,213.66475,1.51013888,5.94,,,,,,,,,,,
MMT,J1414+5446,14:14:46.82,+54:46:31.8,213.69508333,54.7755,5.42,,,,,,,,,,,
PSO,J213.7329-13.4803,14:14:55.90,-13:28:49.28,213.7329225,-13.48035431,5.78,,,-25.85,-25.52,-25.01,-26.17,-26.02,-25.85,-26.26,-26.07,-25.89
SHELLQs,J1416+0015,14:16:12.71,+00:15:46.20,214.05295833,0.26283333,6.03,,,,,,,,,,,
SHELLQs,J1416+0147,14:16:53.01,+01:47:02.2,214.220875,1.7839444,6.07,,,-23.4,-23.15,-22.97,-24.17,-23.48,-23.0,-26.3,-25.37,-22.91
SHELLQs,J1417+0117,14:17:28.67,+01:17:12.40,214.36945833,1.28677778,6.02,,,,,,,,,,,
SDSS,J141912.03+53,14:19:12.03,+53:40:39.2,214.800131,53.677564600000004,5.38,,,-26.04,-26.02,-26.0,-26.39,-26.31,-26.05,-24.93,-24.76,-24.57
MMT,J1419+5553,14:19:56.49,+55:53:16.2,214.98537499,55.88783333,5.0,,,,,,,,,,,
PSO,J215.1514-16.0417,14:20:36.30,-16:02:30.20,215.15142999999998,-16.041735,5.73,,,-27.45,-27.4,-27.29,-28.1,-28.06,-28.01,-28.13,-27.94,-27.82
SHELLQs,J1422+0011,14:22:00.23,+00:11:03.0,215.5009583,0.18416670000000002,5.89,,,,,,,,,,,
SDSS,J1423+1303,14:23:25.92,+13:03:00.7,215.85800711,13.05019556,5.021,,,-27.06,-26.93,-26.92,-27.41,-27.37,-27.34,-27.43,-27.38,-27.34
SHELLQs,J1423-0018,14:23:31.71,-00:18:09.10,215.882125,-0.30252778,6.13,,,,,,,,,,,
NDWFS,J1425+3254,14:25:16.34,+32:54:09.57,216.3180505,32.90265034,5.8918,,,-26.29,-26.22,-26.18,-26.84,-26.66,-26.24,-26.52,-26.33,-26.17
SHELLQs,J1425-0015,14:25:17.72,-00:15:40.90,216.32383333,-0.26136111,6.18,,,,,,,,,,,
PS1,J1427-0503,14:27:21.56,-05:03:53.04,216.8398333,-5.064733299999999,5.08,,,-27.58,-27.57,-27.56,-27.79,-27.59,-27.5,-27.68,-27.56,-27.52
SDSS,J1427+3522,14:27:29.69,+35:22:08.9,216.87370833,35.36916111,5.53,,,-25.12,-25.08,-25.04,-26.7,-26.11,-25.77,-26.31,-26.21,-26.05
FIRST,J1427+3312,14:27:38.59,+33:12:41.00,216.91079,33.211665999999994,6.12,5.91,0.12,-25.86,-25.68,-25.0,-26.69,-26.46,-26.05,-26.99,-26.9,-26.81
PSO,J217.0891-16.0453,14:28:21.39,-16:02:43.30,217.08913280000002,-16.04536083,6.1498,,,-27.05,-27.0,-26.96,-27.09,-27.01,-26.95,-27.37,-27.2,-26.95
SHELLQs,J1429-0104,14:29:03.08,-01:04:43.40,217.26283333,-1.07872222,6.8,,,,,,,,,,,
SHELLQs,J1429-0002,14:29:20.22,-00:02:07.40,217.33425,-0.0353889,6.04,,,-23.8,-23.27,-22.86,-24.32,-23.89,-23.37,-24.04,-23.52,-22.66
SDSS,J1429+3304,14:29:37.97,+33:04:16.2,217.40820833,33.07116666,5.39,,,-25.81,-25.78,-25.75,-26.17,-25.83,-25.56,-25.89,-25.76,-25.61
CFHQS,J1429+5447,14:29:52.17,+54:47:17.70,217.46737000000002,54.788249,6.1831,10.13,0.1,-25.93,-25.86,-25.81,-26.32,-26.26,-25.87,-25.79,-25.72,-25.64
PSO,J217.9185-07.4120,14:31:40.45,-07:24:46.47,217.9185333,-7.41207447,6.14,,,-26.66,-26.62,-26.41,-27.25,-27.16,-27.07,-26.71,-26.56,-26.3
SDSS,J1436+2132,14:36:05.00,+21:32:39.2,219.02084569,21.54423663,5.22,,,-26.79,-26.77,-26.76,-27.26,-27.16,-26.97,-27.2,-27.15,-27.05
SDSS,J1436+5007,14:36:11.74,+50:07:06.90,219.04891569999995,50.11865442,5.85,,,-26.49,-26.47,-26.39,-27.13,-26.92,-26.77,-26.53,-26.38,-26.27
SDSS,J1437+2323,14:37:51.82,+23:23:13.3,219.46593790000003,23.387041600000003,5.305,,,-27.19,-27.15,-26.71,-27.71,-27.61,-27.28,-27.67,-27.64,-27.6
MMT,J1437+5151,14:37:56.54,+51:51:15.1,219.48558333,51.85419444,5.17,,,-24.13,-23.85,-23.6,-24.56,-24.33,-23.96,-23.36,-21.81,-20.68
SHELLQs,J1440-0107,14:40:01.30,-01:07:02.20,220.00541666,-1.11727778,6.13,,,,,,,,,,,
SDSS,J1443+3623,14:43:50.66,+36:23:15.1,220.96111436,36.3875378,5.12,0.34,0.1,-26.94,-26.71,-26.69,-27.84,-27.79,-27.73,-27.88,-27.85,-27.79
SDSS,J1500+2816,15:00:36.84,+28:16:03.03,225.153499,28.2675083,5.55,1.55,0.19,-27.11,-27.09,-27.08,-27.63,-27.55,-27.5,-27.48,-27.4,-27.25
CFHQS,J1509-1749,15:09:41.78,-17:49:26.80,227.42407999999998,-17.824111,6.1225,,,-27.15,-27.1,-26.78,-26.94,-26.81,-26.69,-27.29,-27.2,-26.99
SDSS,J1510+5148,15:10:35.29,+51:48:41.0,227.64705421,51.81141544,5.06,0.37,0.09,-26.38,-26.37,-26.27,-27.4,-27.36,-27.29,-27.47,-27.43,-27.23
SUVAW,J1513+0854,15:13:39.64,+08:54:06.5,228.41516666,8.90180555,5.47,,,-26.49,-26.45,-26.43,-26.68,-26.61,-26.49,-26.47,-26.3,-26.22
PSO,J228.6871+21.2388,15:14:44.91,+21:14:19.78,228.6871163,21.23882642,5.92,,,-25.74,-25.71,-25.62,-26.54,-26.32,-26.08,-25.94,-25.72,-25.59
SDWISE,J1523+5916,15:23:02.90,+59:16:33.04,230.7620833,59.275844400000004,5.11,,,-27.26,-27.25,-27.24,-27.82,-27.66,-27.59,-27.44,-27.37,-27.32
SDSS,J1523+3347,15:23:45.70,+33:47:59.8,230.94041905,33.79995642,5.33,0.34,0.08,-26.16,-26.15,-26.12,-27.05,-26.92,-26.78,-26.95,-26.9,-26.85
SDSS,J1524+0816,15:24:04.10,+08:16:39.3,231.01708333,8.27758333,5.08,,,-25.53,-25.26,-25.22,-26.47,-26.35,-26.2,-26.26,-26.15,-26.05
PSO,J231.6576-20.8335,15:26:37.84,-20:50:00.66,231.65767083,-20.83351667,6.5864,,,-27.21,-26.74,-25.96,-27.44,-27.36,-27.02,-27.12,-26.98,-26.9
SUVAW,J1527+0641,15:27:12.86,+06:41:21.9,231.80358333,6.68941666,5.57,,,-26.84,-26.83,-26.81,-27.19,-27.11,-26.91,-26.88,-26.71,-26.65
TGSS,J1530+1049,15:30:49.9,+10:49:31.1,232.7079167,10.8253056,5.72,,,,,,,,,,,
PS1,J1533-1810,15:33:59.76,-18:10:27.21,233.49900000000002,-18.174225,5.03,,,-27.66,-27.63,-27.54,-28.04,-27.76,-27.73,-28.25,-28.22,-28.03
SDSS,J1534+1327,15:34:59.75,+13:27:01.4,233.74898973,13.45039414,5.044,,,-25.82,-25.8,-25.66,-26.51,-26.39,-25.9,-27.24,-27.12,-27.03
DELS,J1535+1943,15:35:32.87,+19:43:20.1,233.88695800000002,19.72225,6.4,,,-27.01,-26.95,-26.9,-27.7,-27.62,-27.5,-28.01,-27.76,-27.59
PSO,J235.9450+17.0079,15:43:46.82,+17:00:28.46,235.9450668,17.00790591,5.82,,,-26.5,-26.46,-26.41,-26.76,-26.57,-26.37,-26.64,-26.48,-26.36
SHELLQs,J1545+4232,15:45:05.62,+42:32:11.6,236.27341669999998,42.53655560000001,6.5,,,-24.2,-24.08,-23.97,-24.93,-24.61,-23.08,-24.85,-24.63,-24.35
PSO,J236.2912+16.6088,15:45:09.90,+16:36:31.91,236.2912415,16.60886345,5.82,,,-25.94,-25.88,-25.84,-26.57,-26.35,-25.99,-26.28,-26.06,-25.89
SDSS,J1545+6028,15:45:52.08,+60:28:24.00,236.46704100000002,60.47332022,5.78,0.81,0.1,-27.34,-27.28,-27.27,-27.71,-27.7,-27.69,-27.94,-27.71,-27.52
SHELLQs,J1550+4318,15:50:00.93,+43:18:02.8,237.503875,43.3007778,5.84,,,,,,,,,,,
PSO,J238.8510-06.8976,15:55:24.25,-06:53:51.59,238.8510335,-6.89766289,5.81,,,-26.23,-25.85,-25.25,-26.59,-26.35,-26.07,-26.49,-26.42,-26.27
PSO,J239.7124-07.4026,15:58:50.99,-07:24:09.59,239.71246090000002,-7.40266413,6.11,,,-27.28,-27.26,-27.22,-27.67,-27.32,-27.22,-27.71,-27.65,-27.49
DELS,J1559+2212,15:59:09.09,+22:12:14.43,239.787875,22.2040083,6.07,,,-25.62,-25.48,-25.28,-26.45,-26.26,-26.13,-26.35,-26.13,-25.95
SDWISE,J1601-1828,16:01:11.16,-18:28:35.08,240.2964999,-18.4764111,5.06,,,-26.58,-26.54,-26.5,-27.72,-27.64,-27.56,-27.85,-27.8,-27.63
SDSS,J1602+4228,16:02:54.18,+42:28:22.90,240.7249088,42.47359515,6.09,0.98,0.13,-27.13,-27.06,-27.04,-27.59,-27.3,-27.16,-27.94,-27.74,-27.52
ELAIS,1091000446,16:03:49.07,+55:10:32.30,240.9544583,55.17563889,6.04,,,,,,,,,,,
ULAS,J1609+3041,16:09:37.27,+30:41:47.70,242.40529130000002,30.69660519,6.14,,,-26.26,-26.23,-26.21,-26.12,-26.0,-25.9,-26.07,-25.94,-25.77
PSO,J242.4397-12.9816,16:09:45.53,-12:58:54.11,242.43971000000002,-12.98169708,5.83,,,-26.89,-26.64,-26.42,-27.27,-27.19,-26.91,-27.01,-26.97,-26.93
SDSS,J1610+4117,16:10:16.71,+41:17:53.7,242.56966544,41.29827146,5.005,,,-26.22,-26.19,-26.14,-26.91,-26.78,-26.67,-27.07,-26.89,-26.85
SDSS,J1614+4640,16:14:25.13,+46:40:28.9,243.60470833,46.67470555,5.313,1.91,0.16,-26.71,-26.68,-26.56,-27.3,-27.14,-27.04,-27.77,-27.71,-27.62
SDSS,J1614+0114,16:14:35.36,+01:14:44.79,243.647333,1.245775,5.78,,,-26.74,-26.73,-26.68,-26.6,-26.36,-26.23,-27.0,-26.78,-26.63
SDSS,J1614+2059,16:14:47.04,+20:59:02.9,243.696,20.98415833,5.091,,,-26.75,-26.74,-26.73,-27.29,-27.2,-27.13,-27.01,-26.89,-26.82
PSO,J245.0636-00.1978,16:20:15.28,-00:11:52.30,245.06367659999998,-0.19786005,5.68,,,-25.34,-25.3,-25.26,-25.9,-25.69,-25.21,-25.07,-24.87,-24.65
SDSS,J1621+5155,16:21:00.92,+51:55:48.86,245.25383,51.93022,5.71,,,-26.66,-26.61,-26.58,-27.64,-27.54,-27.35,-28.09,-27.99,-27.8
SDWISE,J1623+4705,16:23:15.28,+47:05:59.90,245.81366659999998,47.0999722,5.13,0.52,0.2,-27.53,-27.51,-27.39,-27.91,-27.86,-27.71,-28.19,-28.16,-28.12
SDSS,J1623+3112,16:23:31.81,+31:12:00.50,245.8825602,31.20014751,6.26,,,-26.93,-26.58,-26.54,-27.44,-27.36,-27.21,-27.36,-27.3,-27.09
SDSS,J1626+2751,16:26:26.50,+27:51:32.4,246.61042035,27.85902656,5.16,,,-27.88,-27.86,-27.85,-28.55,-28.47,-28.43,-28.74,-28.71,-28.66
SDSS,J1626+2858,16:26:29.19,+28:58:57.6,246.62167000000002,28.98266,5.041,,,-26.8,-26.69,-26.54,-27.14,-27.08,-27.03,-27.1,-27.06,-27.02
PSO,J247.2970+24.1277,16:29:11.30,+24:07:39.74,247.29706666,24.12770556,6.476,,,-26.74,-26.71,-26.68,-26.8,-26.48,-26.35,-27.3,-27.04,-26.84
SDSS,J1630+4012,16:30:33.90,+40:12:09.60,247.64126389999998,40.20269293,6.065,,,-26.22,-26.19,-26.1,-26.19,-26.03,-25.89,-26.28,-26.11,-26.0
CFHQS,J1641+3755,16:41:21.64,+37:55:20.50,250.3405347,37.92226289,6.047000000000001,,,-25.89,-25.66,-25.55,-26.05,-25.84,-25.68,-25.97,-25.73,-25.58
SDSS,J1650+1617,16:50:42.26,+16:17:21.50,252.676083,16.289305499999998,5.52,,,-26.84,-26.81,-26.79,-27.22,-27.09,-26.95,-27.6,-27.55,-27.4
SDWISE,J1656+4541,16:56:35.46,+45:41:13.55,254.14774989999998,45.687097200000004,5.34,,,-27.39,-27.37,-27.36,-27.6,-27.54,-27.45,-27.54,-27.47,-27.41
SDSS,J1659+2709,16:59:02.12,+27:09:35.1,254.75883333,27.159775,5.312,,,-27.6,-27.59,-27.58,-27.91,-27.82,-27.77,-27.96,-27.93,-27.76
SDWISE,J1659+3239,16:59:51.03,+32:39:28.63,254.962625,32.6579527,5.17,1.01,0.19,-26.64,-26.63,-26.61,-27.27,-27.11,-27.06,-27.38,-27.34,-27.21
PSO,J261.0364+19.0286,17:24:08.74,+19:01:43.12,261.03642916,19.02864444,6.44,,,-26.0,-25.88,-25.62,-26.34,-25.99,-25.75,-26.1,-25.84,-25.62
HSC,1732+6531,17:32:43.12,+65:31:13.49,263.1796583,65.5204139,6.6,,,,,,,,,,,
PSO,J267.0021+22.7812,17:48:00.51,+22:46:52.36,267.00211,22.78121067,5.95,,,-25.55,-25.47,-25.4,-25.3,-25.2,-25.02,-24.82,-24.54,-24.01
SDWISE,J1752+5036,17:52:44.10,+50:36:33.05,268.18375,50.6091805,5.02,,,-27.42,-27.42,-27.41,-28.1,-28.09,-28.06,-28.57,-28.37,-28.34
PSO,J293.0317+71.6523,19:32:07.62,+71:39:08.41,293.031765,71.65233549,6.08,,,-27.1,-26.83,-26.56,-27.31,-27.13,-26.78,-26.84,-26.63,-26.43
PSO,J308.0416-21.2339,20:32:09.99,-21:14:02.31,308.0416401,-21.23397495,6.2341,,,-26.36,-26.27,-26.15,-27.09,-26.94,-26.86,-27.53,-27.43,-27.18
PS1,J2033+1218,20:33:10.47,+12:18:51.49,308.293625,12.3143028,5.11,,,-27.88,-27.84,-27.79,-28.11,-28.03,-27.79,-28.12,-28.07,-28.06
PSO,J308.4829-27.6485,20:33:55.91,-27:38:54.60,308.48297,-27.6485,5.8,,,-26.94,-26.68,-26.62,-27.07,-26.78,-26.58,-27.09,-27.01,-26.8
SDSS,J2053+0047,20:53:21.77,+00:47:06.80,313.3407,0.7852222,5.92,,,-25.68,-25.47,-25.18,-26.26,-26.14,-25.87,-26.0,-25.89,-25.77
SDSS,J2054-0005,20:54:06.49,-00:05:14.80,313.52704,-0.08744439999999999,6.0391,,,-25.99,-25.96,-25.92,-25.98,-25.87,-25.78,-26.47,-26.27,-26.09
CFHQS,J2100-1715,21:00:54.62,-17:15:22.50,315.22758,-17.256249,6.0812,,,,,,,,,,,
VHS,J2102-1458,21:02:19.22,-14:58:54.0,315.580083,-14.9816666,6.648,,,,,,,,,,,
SDSS,J2118-0003,21:18:12.73,-00:03:50.7,319.55304160000003,-0.06408330000000001,5.46,,,-25.39,-25.35,-25.28,-25.73,-25.64,-25.33,-25.17,-24.9,-24.51
PSO,J319.6040-10.9326,21:18:24.97,-10:55:57.43,319.60402999999997,-10.93262,5.9,,,-26.4,-26.24,-26.19,-27.01,-26.73,-26.64,-26.55,-26.39,-26.29
SDSS,J2119+1029,21:19:28.32,+10:29:06.6,319.86799999,10.48516666,5.18,,,-26.1,-26.03,-26.0,-26.83,-26.65,-26.5,-26.74,-26.68,-26.53
SDSS,J2119-0040,21:19:51.89,-00:40:20.10,319.96620833,-0.67225,5.87,,,-24.71,-24.6,-24.51,-25.53,-25.39,-25.21,-25.26,-25.08,-24.89
PSO,J320.8703-24.3604,21:23:28.88,-24:21:37.44,320.87032999999997,-24.3604,5.73,,,-26.6,-26.54,-26.37,-27.09,-27.02,-26.94,-26.49,-26.41,-26.34
VDES,J2131-4359,21:31:10.29,-43:59:02.5,322.792875,-43.9840278,6.45,,,-25.86,-24.93,-24.72,-25.9,-25.77,-25.61,-26.03,-25.87,-25.72
PSO,J323.1382+12.2986,21:32:33.19,+12:17:55.26,323.13829583,12.29868333,6.5881,,,-26.19,-26.14,-26.13,-27.49,-27.41,-27.33,-27.59,-27.43,-27.38
SUVAW,J2142-0120,21:42:39.27,-01:20:00.3,325.66362499,-1.33341666,5.61,,,-26.5,-26.49,-26.47,-26.41,-26.19,-26.08,-26.74,-26.66,-26.41
SDSS,J2147+0107,21:47:55.41,+01:07:55.30,326.98087000000004,1.1320277,5.81,,,-25.15,-25.05,-24.95,-25.99,-25.86,-25.71,-25.06,-24.86,-24.58
PSO,J328.7339-09.5076,21:54:56.16,-09:30:27.46,328.7339966,-9.5076274,5.92,,,-26.42,-26.38,-26.33,-26.76,-26.41,-26.23,-26.08,-25.86,-25.72
SDWISE,J2201+0302,22:01:06.63,+03:02:07.71,330.2776249,3.035475,5.06,,,-27.44,-26.96,-26.95,-27.61,-27.58,-27.39,-27.74,-27.6,-27.55
SHELLQs,J2201+0155,22:01:32.07,+01:55:29.00,330.383625,1.92472222,6.16,,,,,,,,,,,
SDWISE,J2202+1509,22:02:26.77,+15:09:52.38,330.6115416,15.16455,5.07,,,-27.88,-27.71,-27.7,-28.11,-28.09,-28.05,-27.97,-27.94,-27.91
MMT,J2202+0131,22:02:33.20,+01:31:20.3,330.63833333,1.52230555,5.23,,,-24.44,-24.4,-23.8,-24.44,-24.35,-24.3,-24.67,-24.42,-23.94
IMS,J2204+0012,22:04:17.92,+01:11:44.80,331.07466669999997,1.19577778,5.94,,,-24.13,-23.94,-23.64,-24.56,-24.41,-24.04,-24.3,-23.79,-23.09
IMS,J2206+0201,22:06:34.81,+02:01:36.3,331.6450417,2.02675,5.101,,,-24.63,-24.55,-24.14,-24.25,-24.17,-24.1,-24.11,-22.84,-22.14
SDWISE,J2207-0416,22:07:10.12,-04:16:56.28,331.79216660000003,-4.2823,5.53,,,-27.58,-27.56,-27.54,-27.93,-27.87,-27.8,-28.66,-28.63,-28.41
SHELLQs,J2210+0304,22:10:27.24,+03:04:28.5,332.6135,3.0745833,6.9,,,,,,,,,,,
IMS,J2210+0243,22:10:36.99,+02:43:13.7,332.654125,2.7204722,5.204,,,-25.59,-25.58,-25.56,-25.62,-25.53,-25.49,-26.05,-25.94,-25.83
VDES,J2211-6320,22:11:00.60,-63:20:55.8,332.7525,-63.348833299999995,6.88,,,-25.35,-24.3,-24.11,-25.85,-25.6,-25.33,-25.94,-25.78,-25.63
ATLAS,J332.8017-32.1036,22:11:12.42,-32:06:12.8,332.80175,-32.10355556,6.3394,,,-27.03,-27.0,-26.93,-27.56,-27.43,-27.34,-27.69,-27.43,-27.26
SDSS,J2211+0011,22:11:41.01,+00:11:18.9,332.92087499,0.18858333,5.23,,,-24.46,-24.25,-24.19,-24.95,-24.85,-24.7,-25.39,-25.23,-24.94
SDSS,J2212-0042,22:12:51.49,-00:42:30.7,333.21454166,-0.70852777,5.42,,,-25.85,-25.84,-25.83,-26.63,-26.62,-26.61,-26.37,-26.3,-26.23
MMT,J2213+0034,22:13:05.26,+00:34:07.8,333.27191666,0.56883333,5.31,,,-24.37,-24.32,-23.75,-24.5,-24.34,-24.26,-24.9,-24.63,-24.27
MMT,J2215-0009,22:15:20.22,-00:09:08.4,333.83425,-0.15233333,5.28,,,-24.89,-24.87,-24.84,-24.9,-24.84,-24.79,-25.39,-25.24,-25.0
PSO,J333.9859+26.1081,22:15:56.63,+26:06:29.41,333.98597889999996,26.10816837,6.03,,,-26.26,-26.18,-26.11,-26.6,-26.2,-25.96,-26.14,-25.99,-25.74
SDSS,J2216+0013,22:16:44.02,+00:13:48.1,334.18341666,0.23002778,5.01,,,-25.96,-25.76,-25.74,-26.87,-26.83,-26.46,-26.57,-26.49,-26.41
HSC,J2216-0016,22:16:44.47,-00:16:50.10,334.1852917,-0.28058333,6.1,,,-23.61,-23.43,-23.32,-24.25,-23.8,-23.61,-24.07,-23.58,-23.07
VIMOS,2911001793,22:19:17.22,+01:02:48.90,334.82175,1.04691667,6.16,,,-22.49,-22.3,-22.15,-22.77,-22.37,-22.09,-23.06,-22.33,-21.79
SDSS,J2220-0101,22:20:18.49,-01:01:46.89,335.07704,-1.02969114,5.62,,,-25.92,-25.9,-25.89,-26.84,-26.8,-26.76,-26.91,-26.76,-26.56
SHELLQs,J2223+0326,22:23:09.51,+03:26:20.3,335.789625,3.4389722000000003,6.05,,,-25.65,-25.41,-25.26,-26.31,-26.09,-25.81,-25.75,-25.55,-25.33
SDWISE,J2225+0330,22:25:14.38,+03:30:12.50,336.3099166,3.5034722,5.35,,,-26.62,-26.42,-26.26,-27.64,-27.57,-27.52,-27.45,-27.39,-27.19
SDWISE,J2226-0618,22:26:12.41,-06:18:07.29,336.55170830000003,-6.3020249,5.08,,,-27.69,-27.68,-27.66,-27.94,-27.9,-27.87,-28.04,-28.02,-27.98
HSC,J2228+0128,22:28:27.83,+01:28:09.50,337.1159583,1.46930556,6.01,,,,,,,,,,,
SDSS,J2228+0110,22:28:43.54,+01:10:32.20,337.18141,1.1756111,5.95,,,-24.27,-24.17,-23.7,-24.44,-23.96,-23.55,-23.99,-23.41,-22.69
SDSS,J2228-0757,22:28:45.15,-07:57:55.3,337.18812499,-7.96538333,5.142,,,-26.41,-26.35,-26.34,-27.2,-27.1,-27.0,-27.32,-27.25,-27.12
SHELLQs,J2228+0152,22:28:47.71,+01:52:40.50,337.19879166,1.87791667,6.08,,,-24.29,-23.37,-23.08,-24.66,-24.0,-23.18,-23.86,-23.19,-22.14
CFHQS,J2229+1457,22:29:01.65,+14:57:09.00,337.25687,14.952499,6.1517,,,-25.35,-25.25,-24.13,-25.21,-24.44,-20.67,-25.16,-24.96,-24.73
SHELLQs,J2231-0035,22:31:48.89,-00:35:47.5,337.9537083,-0.5965278,5.87,,,-23.91,-23.77,-23.59,-23.42,-23.11,-22.78,-23.91,-23.4,-22.66
HSC,J2232+0012,22:32:12.03,+00:12:38.40,338.050125,0.21066667,6.18,,,,,,,,,,,
PSO,J338.2298+29.5089,22:32:55.15,+29:30:32.2,338.2297707,29.50897599,6.666,,,-25.51,-25.25,-25.18,-26.5,-26.39,-26.32,-26.46,-26.39,-26.32
SDSS,J2233-0107,22:33:27.64,-01:07:04.4,338.3651666,-1.1178888,5.11,,,-24.75,-24.71,-24.37,-25.64,-25.34,-25.12,-25.36,-25.11,-24.79
HSC,J2236+0032,22:36:44.58,+00:32:56.9,339.18575,0.54913889,6.4,,,,,,,,,,,
SDSS,J2238-0027,22:38:50.20,-00:27:01.8,339.7091666,-0.4505,5.17,,,-25.35,-25.31,-25.28,-25.18,-24.98,-24.86,-25.88,-25.74,-25.61
SDSS,J2239+0030,22:39:07.56,+00:30:22.6,339.7814999,0.5062777,5.09,,,-25.38,-25.35,-25.33,-25.23,-25.09,-25.0,-25.87,-25.72,-25.55
SHELLQs,J2239+0207,22:39:47.47,+02:07:47.50,339.94779166,2.12986111,6.26,,,-25.12,-24.6,-23.64,-25.37,-24.81,-24.24,-24.93,-24.56,-23.89
PSO,J340.2041-18.6621,22:40:49.00,-18:39:43.80,340.20417000000003,-18.66217,6.01,,,-25.57,-25.47,-25.44,-25.7,-25.32,-24.24,-27.29,-27.11,-26.79
CFHQS,J2242+0334,22:42:37.55,+03:34:21.60,340.65645,3.5726666,5.88,,,-24.98,-24.86,-24.69,-25.58,-25.1,-24.14,-24.94,-24.71,-24.44
SDSS,J2245+0024,22:45:24.27,+00:24:14.2,341.3511249,0.40394440000000004,5.16,,,-24.93,-24.43,-24.39,-25.39,-25.1,-24.85,-25.57,-25.39,-25.18
VDES,J2250-5015,22:50:02.01,-50:15:42.15,342.508375,-50.26170833,6.0,,,-26.96,-26.92,-26.87,-27.95,-27.92,-27.87,-27.37,-27.23,-27.05
SHELLQs,J2252+0225,22:52:05.44,+02:25:31.9,343.0226667,2.4255278,6.12,,,-23.49,-23.26,-22.39,-23.78,-23.13,-22.3,-23.72,-22.89,-22.0
SHELLQs,J2255+0251,22:55:38.04,+02:51:26.6,343.9085,2.8573889,6.34,,,,,,,,,,,
SHELLQs,J2304+0045,23:04:22.97,+00:45:05.4,346.0957083,0.7515,6.36,,,-24.22,-23.65,-23.12,-24.12,-23.83,-23.36,-23.88,-23.14,-22.09
SDSS,J2307+0031,23:07:35.35,+00:31:49.40,346.89729,0.5303888000000001,5.87,,,-25.02,-24.95,-24.88,-25.91,-25.79,-25.54,-26.43,-26.31,-26.16
SDSS,J2310+1855,23:10:38.88,+18:55:19.70,347.6620586,18.92220166,6.0031,,,-27.72,-27.69,-27.66,-28.11,-28.03,-27.98,-27.79,-27.59,-27.22
SDSS,J2312+0100,23:12:16.44,+01:00:51.5,348.0684999,1.0143055,5.08,,,-25.28,-24.99,-24.97,-26.15,-26.04,-25.82,-25.67,-25.54,-25.35
SDSS,J2315-0023,23:15:46.57,-00:23:58.10,348.94404,-0.3994722,6.117000000000001,,,-25.14,-25.11,-25.06,-26.03,-25.89,-25.21,-26.12,-25.96,-25.82
SDSS,J2317+2244,23:17:38.25,+22:44:09.63,349.409375,22.7360083,5.5,,,-27.34,-27.22,-27.19,-27.92,-27.83,-27.75,-27.7,-27.57,-27.51
CFHQS,J2318-0246,23:18:02.80,-02:46:34.00,349.51166,-2.7761111,6.05,,,-24.76,-23.87,-23.68,-25.26,-24.64,-24.09,-24.51,-24.1,-23.53
VIK,J2318-3113,23:18:18.35,-31:13:46.35,349.5764625,-31.22954167,6.4435,,,,,,,,,,,
VIK,J2318-3029,23:18:33.10,-30:29:33.51,349.6379125,-30.4926417,6.1458,,,-26.51,-26.43,-26.36,-26.93,-26.82,-26.56,-26.96,-26.85,-26.66
SDSS,J2325+2628,23:25:14.24,+26:28:47.60,351.3093508,26.47995309,5.77,,,-27.14,-27.13,-27.12,-28.08,-28.04,-28.0,-27.7,-27.65,-27.47
SUVAW,J2325-0553,23:25:36.64,-05:53:28.3,351.40266666,-5.89119444,5.22,,,-27.23,-27.21,-27.19,-27.61,-27.48,-27.4,-27.49,-27.4,-27.32
CFHQS,J2329-0301,23:29:08.28,-03:01:58.80,352.2845,-3.0329999,6.417000000000001,,,-24.73,-24.57,-24.51,-25.7,-25.44,-24.13,-26.0,-25.85,-25.66
CFHQS,J2329-0403,23:29:14.46,-04:03:24.10,352.31025,-4.0566944,5.9,,,,,,,,,,,
PSO,J352.4034-15.337,23:29:36.84,-15:20:14.46,352.403485,-15.33735,5.84,,,,,,,,,,,
SDWISE,J2329+3003,23:29:39.30,+30:03:50.78,352.41375,30.0641055,5.24,6.83,0.13,-27.48,-27.47,-27.46,-27.74,-27.51,-27.38,-27.62,-27.57,-27.42
SUVAW,J2330+0957,23:30:08.71,+09:57:43.7,352.53629166,9.96213888,5.3,,,-26.55,-26.49,-26.46,-27.11,-26.99,-26.84,-27.48,-27.44,-27.35
SDSS,J2334-0010,23:34:55.05,-00:10:22.1,353.7293749,-0.1728055,5.11,,,-25.58,-25.55,-25.36,-25.8,-25.59,-25.52,-25.64,-25.49,-25.31
SDWISE,J2344+1653,23:44:33.50,+16:53:16.48,356.1395833,16.8879111,5.0,9.43,0.24,-27.58,-27.58,-27.57,-28.14,-28.1,-28.06,-28.42,-28.41,-28.39
VIK,J2348-3054,23:48:33.34,-30:54:10.00,357.1389,-30.902844,6.9018,,,,,,,,,,,
PSO,J357.8289+06.4019,23:51:18.96,+06:24:06.92,357.82899110000005,6.40192191,5.81,,,-24.98,-24.89,-24.79,-25.31,-24.44,-23.56,-24.72,-24.34,-23.47
SUVAW,J2351-0459,23:51:24.31,-04:59:07.3,357.85129166,-4.98536111,5.25,,,-26.51,-26.5,-26.49,-26.72,-26.59,-26.44,-26.69,-26.6,-26.5
PSO,J359.1352-06.3831,23:56:32.45,-06:22:59.26,359.1352149,-6.38312644,6.1722,,,-26.85,-26.84,-26.82,-27.13,-27.03,-26.91,-27.5,-27.4,-27.11
SDSS,J2356+0023,23:56:51.58,+00:23:33.30,359.21491000000003,0.3925833,6.0,,,-25.08,-24.5,-24.45,-24.88,-24.64,-24.38,-24.38,-23.89,-23.12
SUVAW,J2358+0634,23:58:24.04,+06:34:37.4,359.60016666,6.57705555,5.32,,,-27.22,-27.13,-27.0,-27.14,-27.03,-26.91,-27.57,-27.39,-27.32
